sim_x,sim_y,real_x,real_y
-0.5,-0.5,-0.4943830783132078,-0.4797440150540704
-0.5,-0.5,-0.5118809999596278,-0.49332673730507054
-0.5,-0.5,-0.511663305391403,-0.5090581951027882
-0.49998167,-0.4992004,-0.5051909953460176,-0.49512661317592666
-0.4999649,-0.49760062,-0.49524497302144743,-0.4933934963694459
-0.49998802,-0.4952012,-0.5060443864177153,-0.4939246415451849
-0.49994886,-0.49200222,-0.5111700597401547,-0.492143736162541
-0.4998581,-0.48800346,-0.4959489847047298,-0.4807744928434254
-0.49989852,-0.48320594,-0.47941964595917286,-0.4651754447014369
-0.50014585,-0.477615,-0.4959548865514514,-0.45883824194002554
-0.50019526,-0.47201204,-0.5009995007235246,-0.4671663752829886
-0.50018245,-0.46602786,-0.4856871906865489,-0.44984417235986907
-0.5003652,-0.46028343,-0.4793184724466413,-0.45199793447882924
-0.5006275,-0.45455024,-0.4829254797740898,-0.42915976948733836
-0.50083494,-0.44933677,-0.49747502693397594,-0.4224181209458796
-0.5008653,-0.44425634,-0.5007339772636503,-0.4075216434501007
-0.5008561,-0.43914628,-0.49929482239752543,-0.4133926491863038
-0.50086516,-0.4338192,-0.5010732003691776,-0.42169353499228796
-0.5008515,-0.428458,-0.520011975207122,-0.41429527722691517
-0.5006103,-0.42346373,-0.5110700753715495,-0.4179414809847461
-0.50047386,-0.4183134,-0.5024253294764369,-0.4054029799417425
-0.500443,-0.41315272,-0.5137265650219006,-0.399432822559326
-0.5002696,-0.40810695,-0.5082048748005322,-0.3845130805000859
-0.50017405,-0.40362802,-0.5262438956312775,-0.3723252517675399
-0.4998516,-0.39905357,-0.5186692780923413,-0.37573129672568845
-0.49961784,-0.39434886,-0.5176625281072561,-0.3734498973329323
-0.4993979,-0.38969857,-0.5114208279055305,-0.3725532423304975
-0.49924374,-0.38467002,-0.5137503443730083,-0.371885333997136
-0.49907926,-0.38022172,-0.49643487528758445,-0.36073612808824557
-0.49912384,-0.37570933,-0.4915987561349206,-0.3603276565062693
-0.49922374,-0.3714252,-0.49491216813390565,-0.3677231949532242
-0.49928916,-0.36669642,-0.4999621980581355,-0.3497993555091677
-0.4992896,-0.36247176,-0.49004817247328947,-0.34846286287162964
-0.49940822,-0.35831833,-0.4962691650007313,-0.3408336492697012
-0.4994561,-0.3539426,-0.48945222228559904,-0.34332078754948187
-0.4995909,-0.3495554,-0.49023741560054196,-0.31842914335171707
-0.49970204,-0.3459308,-0.4922089236830901,-0.3245759842318458
-0.49979126,-0.34221342,-0.4998031202358564,-0.31778822980302585
-0.49979368,-0.33831856,-0.5043010266143949,-0.32653446140454717
-0.49973628,-0.3339614,-0.5144397311599951,-0.33425105798959587
-0.49955696,-0.3298106,-0.5000553847928576,-0.33236637358630405
-0.49955624,-0.32559738,-0.5032521799566783,-0.3036176668597727
-0.49951607,-0.32184565,-0.4940159299898268,-0.31165877977488476
-0.49958873,-0.3180608,-0.501883983830024,-0.28700865513417434
-0.4995656,-0.3145368,-0.5015816246222122,-0.28129823324367204
-0.4995458,-0.3110196,-0.4786077587325299,-0.2734890296748861
-0.4998229,-0.307477,-0.48228611888953693,-0.2834033556761693
-0.50002813,-0.3041938,-0.48767490703026284,-0.288688919214481
-0.50018644,-0.3004864,-0.4956980657964851,-0.2804826213307412
-0.50024205,-0.29685867,-0.5052933990619113,-0.2746743704999792
-0.5001797,-0.2936225,-0.4933278361935318,-0.2688711832386695
-0.5002773,-0.2896912,-0.4961556007906215,-0.2748481088092305
-0.50032085,-0.2865772,-0.4855157629591524,-0.28384628899004233
-0.500509,-0.28288913,-0.4972768901156937,-0.27375388597503597
-0.5005424,-0.2795361,-0.4889493914226187,-0.27248024028146894
-0.50068194,-0.27609503,-0.48859656313265604,-0.2839159385675724
-0.5008268,-0.27248845,-0.48808777663728625,-0.2880192893235908
-0.50098544,-0.26865244,-0.47683903385388354,-0.27809469097973377
-0.501276,-0.2651638,-0.46571849027998147,-0.2666996368259677
-0.5016512,-0.2622446,-0.45890382246408373,-0.2634075930173156
-0.50218517,-0.25882214,-0.4808278158596728,-0.2410642242258966
-0.50240713,-0.25603113,-0.4840507907496808,-0.24693881652900163
-0.5026067,-0.25294116,-0.48084158988855535,-0.2322654959275568
-0.5028559,-0.24959454,-0.4830957447540665,-0.22142463478289562
-0.503071,-0.2464591,-0.49404474557216216,-0.22728341791183435
-0.50314677,-0.24325049,-0.4886148809090164,-0.23129260362810797
-0.503291,-0.24000296,-0.47678268448382616,-0.23949045499809185
-0.5035739,-0.23678042,-0.494872615543436,-0.21652896009372163
-0.5036315,-0.23406878,-0.49996666199271406,-0.21524913693592712
-0.5036319,-0.23117308,-0.5076237069019345,-0.2135644909841853
-0.5035373,-0.22821361,-0.520627383794507,-0.20080282151787684
-0.50328374,-0.2254381,-0.5278944837717183,-0.20388466732928084
-0.50291485,-0.22241127,-0.5140425472675755,-0.19944051688748457
-0.5027574,-0.21989436,-0.5124953450160457,-0.20541740835815658
-0.5026051,-0.2170859,-0.5003461056347884,-0.192973894409323
-0.502601,-0.21451706,-0.49799781677639954,-0.19021504810320722
-0.5026265,-0.21178357,-0.5071106375458425,-0.18068974454352693
-0.5025446,-0.20941384,-0.5153275558562971,-0.1731557550277771
-0.5023508,-0.20690878,-0.5156083600856777,-0.17983716960781684
-0.50214535,-0.20421255,-0.5116269798890507,-0.16884326891398338
-0.50200945,-0.20194657,-0.5047971334307596,-0.1562645698759988
-0.501951,-0.19973655,-0.5109954047381743,-0.1650079364785981
-0.50180864,-0.19727685,-0.5072257822572068,-0.1746973720007666
-0.5017083,-0.19450428,-0.5188769667029901,-0.17216189654331723
-0.5014972,-0.19229932,-0.5038522863811576,-0.17078696078202635
-0.5014488,-0.18983835,-0.5062497299521296,-0.17051818712514688
-0.5013704,-0.18738449,-0.4870424789509697,-0.1540101871314595
-0.50152516,-0.18524578,-0.496727118149434,-0.15981033969359001
-0.5015686,-0.18279159,-0.49872705303188763,-0.14850114571967732
-0.5015829,-0.18083955,-0.4917834489599026,-0.15410103090671232
-0.50168514,-0.17861135,-0.49647974542874024,-0.15386479204312786
-0.5017289,-0.17638808,-0.4977805629147512,-0.15480288723008725
-0.5017567,-0.17413227,-0.49542973910176846,-0.15252209819319076
-0.5018126,-0.17196375,-0.4880167320161703,-0.15768309104091977
-0.5019717,-0.16953729,-0.4923675118489073,-0.15340353760376535
-0.5020567,-0.16755001,-0.48735503453606194,-0.1547815178811976
-0.5022332,-0.16504042,-0.49195480453163426,-0.15762829789879734
-0.5023311,-0.16281866,-0.49524614938737893,-0.15351153514316315
-0.5023943,-0.16044353,-0.5059220317586239,-0.14684783472689458
-0.5023225,-0.15835942,-0.4993517970556721,-0.1473581165630603
-0.5023317,-0.15592521,-0.5103231753178856,-0.1591677059666422
-0.5022276,-0.15406898,-0.5069370892467473,-0.14958507386886988
-0.50213426,-0.15171961,-0.5078656380183705,-0.1539389310209288
-0.5020338,-0.1494353,-0.5023736845704748,-0.1372627864041687
-0.5020059,-0.14752412,-0.508927389398087,-0.1527422871901805
-0.50187624,-0.14494348,-0.5210494850105928,-0.14880900575972542
-0.5016478,-0.14305682,-0.5024072002074511,-0.1446613936766303
-0.5016174,-0.1409153,-0.5078046089845791,-0.14715383852364683
-0.501505,-0.13843666,-0.507657046607394,-0.13039916152675135
-0.5014161,-0.13663146,-0.49745087959988976,-0.1330668054702491
-0.50145006,-0.13452478,-0.5037034474743548,-0.12448536237295628
-0.50140095,-0.1325422,-0.5046863336776142,-0.11354868781224477
-0.5013497,-0.1310269,-0.5010573966182394,-0.12608418254304155
-0.501337,-0.12921268,-0.5016277999955591,-0.12161080226416753
-0.50131506,-0.12723856,-0.49363483312437034,-0.12615758051959874
-0.50138944,-0.12547237,-0.5024695206522518,-0.14106586465369209
-0.50136095,-0.12355828,-0.5051356383949319,-0.12659919539325895
-0.5012905,-0.12147904,-0.5274846615587931,-0.12639682300782026
-0.5009886,-0.119816,-0.5234502830262406,-0.12076443551489606
-0.50067526,-0.1178684,-0.5223139219715774,-0.13703721947488373
-0.5004085,-0.115931205,-0.5138656483533788,-0.12811180740534525
-0.50023764,-0.1140451,-0.5251472720716974,-0.11596637604979178
-0.49990982,-0.112207495,-0.5238171147929483,-0.11309484655226223
-0.49961305,-0.1104868,-0.5303995982028715,-0.12056121583100189
-0.49926242,-0.108807944,-0.5300366915436225,-0.12310600560664745
-0.4988187,-0.10661993,-0.5194248578412246,-0.11346119313588943
-0.49856937,-0.10484267,-0.5106426773124497,-0.0886136164221461
-0.498469,-0.1037713,-0.5069751521485546,-0.09434883308955501
-0.4983712,-0.10209799,-0.5119722757538913,-0.08936772406997685
-0.4982397,-0.10084171,-0.512659461878862,-0.10108594107076826
-0.49808046,-0.0992559,-0.5209577809236721,-0.11455442261823826
-0.4978548,-0.09775333,-0.5172109382602118,-0.11518179287306156
-0.497615,-0.095800154,-0.5233086890186897,-0.10730084484985726
-0.49732655,-0.09416289,-0.5304520526598231,-0.10216750236722816
-0.49697012,-0.092674375,-0.526717341087739,-0.10444537381721743
-0.49663132,-0.09103293,-0.5137726391593076,-0.09869237876570128
-0.49645987,-0.08949312,-0.5086499551309767,-0.1027260719089653
-0.4963526,-0.08790922,-0.5109107738986766,-0.10643765423934465
-0.4962032,-0.08610958,-0.5085829537853717,-0.10590169616010814
-0.4961108,-0.08469995,-0.5071160743966233,-0.09618900737009388
-0.49601984,-0.08315081,-0.513382767778293,-0.08745409494834422
-0.49586317,-0.081834234,-0.5038840011157767,-0.0770740659662823
-0.49581707,-0.080622934,-0.4988288700102415,-0.07292014154104505
-0.4958304,-0.07950845,-0.49339656575524915,-0.056856465118159255
-0.4959307,-0.078265,-0.49247241466172154,-0.05840518821032954
-0.49600184,-0.07747668,-0.4963270942842943,-0.06399877571483911
-0.4960637,-0.07597767,-0.4980876018134606,-0.06682848841075574
-0.49608606,-0.074904636,-0.49990142508772384,-0.06499987136177285
-0.49608722,-0.07385046,-0.4935116657636197,-0.06371115846593656
-0.49617094,-0.07270605,-0.5102095024408909,-0.07029402375656814
-0.49603638,-0.07145004,-0.5138988716935691,-0.0569460364133063
-0.49583682,-0.07027351,-0.5121950127298601,-0.05207082275796176
-0.49572322,-0.06955547,-0.5135694149047073,-0.05197297472692049
-0.4955474,-0.06844443,-0.5072420145455842,-0.06217350152324862
-0.49545392,-0.06731916,-0.5027692648715989,-0.06234124391286005
-0.49541357,-0.066046916,-0.5098562011868432,-0.06345541984847834
-0.4953086,-0.065105036,-0.5167841871708498,-0.0653838400265731
-0.4950781,-0.06386367,-0.5222682399694175,-0.06128012571111415
-0.49489307,-0.06314687,-0.5166309884645475,-0.08767215834820608
-0.49466917,-0.061629903,-0.5147971282507345,-0.08890059772690467
-0.4944672,-0.060075168,-0.5055890180199178,-0.10588380217397618
-0.49440214,-0.05855146,-0.500889042154718,-0.09321195753914721
-0.49438962,-0.05688575,-0.5072349697835948,-0.103000414030917
-0.49430096,-0.05531711,-0.5045744406006523,-0.08528767436893243
-0.49425256,-0.05415002,-0.5038198066931492,-0.0785355213266086
-0.4942005,-0.05273917,-0.49934542367366674,-0.07624406720218721
-0.49421003,-0.051262185,-0.5100463525192952,-0.053953236472098244
-0.49414164,-0.05072456,-0.4984441971566636,-0.050792722740759765
-0.4940045,-0.049646705,-0.5057505039037268,-0.04858020782571451
-0.49389613,-0.04879512,-0.5042123639241625,-0.054527470923702574
-0.49375078,-0.047652923,-0.49800838246867135,-0.04042002881329817
-0.49367893,-0.04708824,-0.49353133671856486,-0.027136060244918304
-0.49358872,-0.046379387,-0.49069768048795676,-0.03365911527687842
-0.49348876,-0.045593865,-0.49881524563698565,-0.032478826014752875
-0.4933811,-0.04474795,-0.5054285496703497,-0.039948502223253066
-0.49327603,-0.043922145,-0.5032712460007751,-0.02333315064227044
-0.49327603,-0.043922145,-0.503207901320746,-0.036200831566385455
-0.49323428,-0.04312536,-0.509585743296886,-0.033383565720985005
-0.49318656,-0.042215016,-0.5214644139594533,-0.017460366409487928
-0.49318656,-0.042215016,-0.5156935642831896,-0.02601853000773822
-0.49295866,-0.04147411,-0.5109850620474062,-0.050512065678573456
-0.4925925,-0.040283803,-0.519006319264833,-0.0466542096281047
-0.4923466,-0.039484385,-0.5107531263650169,-0.04195189537311268
-0.4920735,-0.03859654,-0.4925492912946069,-0.035845276781283374
-0.4920735,-0.03859654,-0.49977429224244063,-0.028532722331788996
-0.49207243,-0.037833616,-0.49387505105808943,-0.021638625748685865
-0.49207243,-0.037833616,-0.490676068371668,-0.020162882666009335
-0.49207243,-0.037833616,-0.4794456655108392,-0.020472783307656152
-0.49207243,-0.037833616,-0.47921765855306164,-0.033532866834854416
-0.4922792,-0.037114378,-0.47752672067294627,-0.03978580458994372
-0.49257118,-0.036292054,-0.4792225039067561,-0.04327039318469641
-0.49281958,-0.035592437,-0.4723623101070486,-0.04381445622847002
-0.49320304,-0.034512427,-0.4755177502383781,-0.04458720953375333
-0.49351245,-0.03364098,-0.4710767687232161,-0.03400403968493971
-0.4938587,-0.03266583,-0.4698562790131243,-0.036381205018603355
-0.49415898,-0.03182011,-0.4754349989595444,-0.040842885187245916
-0.4944073,-0.031120718,-0.4737345556353398,-0.039439527825038685
-0.49473006,-0.030211654,-0.47146695398467114,-0.03171395791987798
-0.49488991,-0.02976142,-0.4596709086912802,-0.041882111094532284
-0.49531743,-0.028557297,-0.4547020260195142,-0.0351328989266114
-0.49559596,-0.027772818,-0.4703806301379059,-0.026115000379992735
-0.4958076,-0.027176768,-0.4600857972607435,-0.03930611395392284
-0.49625507,-0.025916446,-0.4603912768609827,-0.0337992795390073
-0.49653557,-0.025126467,-0.4550873737849281,-0.03558898476550236
-0.49694002,-0.023987364,-0.4651330108828364,-0.04255872774394841
-0.4972246,-0.023185857,-0.47971579057578906,-0.04072123682664085
-0.4974804,-0.022465397,-0.4984950056650039,-0.044734330398321594
-0.49785936,-0.021398064,-0.5041158070905236,-0.030148461505570413
-0.49785936,-0.021398064,-0.49251618334712227,-0.021016732513072463
-0.49785936,-0.021398064,-0.47913143108229395,-0.01474037809879962
-0.49785936,-0.021398064,-0.4950491886103288,-0.014792629834130377
-0.49785936,-0.021398064,-0.485454591085732,-0.01688788785602783
-0.49785936,-0.021398064,-0.4633775928653034,-0.009048758743978575
-0.4982592,-0.020885529,-0.4634157171081566,-0.016793004987575234
-0.4986721,-0.02050164,-0.4620463538115643,-0.028430137673163096
-0.49930564,-0.01991262,-0.47273499194922575,-0.03939735014725092
-0.49988383,-0.019375067,-0.4732460789319337,-0.02240828440682166
-0.5003558,-0.018936265,-0.47110776382541114,-0.024069140588637045
-0.50075024,-0.018569527,-0.4808032170891132,-0.03945454329955153
-0.5015391,-0.01783612,-0.4777492431707791,-0.02923711482195948
-0.5015391,-0.01783612,-0.489247636832793,-0.00696075235413195
-0.5015391,-0.01783612,-0.4755969589747175,0.00578022542231588
-0.5015391,-0.01783612,-0.49550835451838193,-0.007490976784280689
-0.5015391,-0.01783612,-0.49948801549088334,-0.00877777325899268
-0.5015391,-0.01783612,-0.4970287842508374,-0.01119073629374978
-0.5015391,-0.01783612,-0.5070675566290435,-0.01432152255343504
-0.5015391,-0.01783612,-0.5049084997993946,-0.007423001894243495
-0.5015391,-0.01783612,-0.48896546578416883,0.0042684295263721046
-0.5015391,-0.01783612,-0.5088646299089891,0.0023727410815805646
-0.5015391,-0.01783612,-0.5114917392055689,0.006583719330022886
-0.5015391,-0.01783612,-0.5056805226035883,-0.0006930800769096145
-0.5015391,-0.01783612,-0.516757932915682,0.013873133463721321
-0.5015391,-0.01783612,-0.5046040125211977,0.014488842727053003
-0.5015391,-0.01783612,-0.500896589956629,-0.0036986582465264144
-0.5015391,-0.01783612,-0.5011346540753693,-0.02562243050946081
-0.5015391,-0.01783612,-0.48962581602047034,-0.03421980105748058
-0.5015391,-0.01783612,-0.4778856501581588,-0.04964884378537497
-0.5015391,-0.01783612,-0.470891776640918,-0.041573962433239034
-0.50076455,-0.017705161,-0.4722983299802673,-0.02897192440665362
-0.4991775,-0.01751923,-0.4615063746710118,-0.03039623972692754
-0.4967972,-0.017213313,-0.46316044502944725,-0.030447587079950534
-0.49362305,-0.016807511,-0.4671762563653145,-0.03314621922831504
-0.49104702,-0.016454937,-0.46813280332680474,-0.01324617392425085
-0.48788184,-0.016282493,-0.45592841225208125,-0.024366532513439454
-0.48507538,-0.015986368,-0.450314165475666,-0.020907656444726072
-0.48245957,-0.015743637,-0.447010351805722,-0.03015309624229182
-0.47947556,-0.015338352,-0.4406242060649494,-0.00925836047529317
-0.47700608,-0.015232318,-0.4396893764601617,-0.0077155682526062475
-0.47433048,-0.015136163,-0.4257746682125939,-0.011856825925298704
-0.47195098,-0.014995641,-0.4324322061763514,0.0013849002752725909
-0.46917513,-0.015014173,-0.4342561025980329,0.009114835426626243
-0.46668917,-0.015122458,-0.4386356660966186,0.006814268276669053
-0.4640501,-0.015206636,-0.43308035738355505,-0.007478197345566281
-0.46148938,-0.015114606,-0.4339301675844359,-0.026451040983011494
-0.4588394,-0.014779111,-0.42090965975037203,-0.03270761769988421
-0.4564209,-0.014375339,-0.4227949973313507,-0.02858418921500338
-0.45398924,-0.014023928,-0.432676448628852,-0.02879100982655992
-0.451293,-0.013650136,-0.43354504726790977,-0.023676088730924742
-0.4487138,-0.013357323,-0.42809245072741847,-0.03812269140080227
-0.4463569,-0.012914901,-0.42682652631450557,-0.04162603525734329
-0.4435968,-0.012345646,-0.44128633816697704,-0.04016274725336826
-0.44086125,-0.0118376715,-0.4464354762210112,-0.046645721322337554
-0.4382154,-0.011280319,-0.44633113890311277,-0.04138650513619528
-0.43567327,-0.010804965,-0.4381234422955402,-0.038175937875199045
-0.43282408,-0.010294599,-0.438655224096029,-0.04603019227368027
-0.4302729,-0.009744973,-0.43670183589874256,-0.030479398071611135
-0.42769954,-0.009374479,-0.4172354329074678,-0.040687367147111256
-0.42559493,-0.008929029,-0.4150362570096548,-0.030532074789150584
-0.4231642,-0.008538498,-0.4243606339338042,-0.03035039983076635
-0.420775,-0.00817477,-0.4130597500258705,-0.034483176106041596
-0.41830695,-0.007722218,-0.41425665580866894,-0.03164792873475708
-0.4157164,-0.0072890217,-0.40195983679001723,-0.023853814353574476
-0.41401288,-0.0070593907,-0.39802045499030436,-0.015934216511627464
-0.41173714,-0.006849809,-0.40957696771797497,-0.013326541719419657
-0.4094312,-0.006683318,-0.4011256726580453,-0.009194915338921132
-0.40706536,-0.0065598055,-0.38845825605757417,-0.016737242145720282
-0.4054234,-0.006391678,-0.40382456386901916,-0.013765763695789308
-0.4029788,-0.006203496,-0.39345080300420704,-0.014105705522697382
-0.40087268,-0.0060271327,-0.3819548908198955,-0.008607728856538661
-0.39879084,-0.0059129596,-0.3620334272790908,-0.016584906791458538
-0.39766258,-0.0057764077,-0.37027319496468797,-0.022577305152436798
-0.39574772,-0.005478814,-0.3822826096943637,-0.03710499212327159
-0.39369494,-0.004994533,-0.38434475999484313,-0.03253121673178426
-0.39188597,-0.0046252185,-0.37724886460485313,-0.026244703245596544
-0.38986036,-0.0042760447,-0.3825340994575035,-0.041426607678586705
-0.3878629,-0.0037507685,-0.36185512076163323,-0.03386265687528148
-0.38610747,-0.0033164201,-0.36219892651297286,-0.02217474918097309
-0.38426816,-0.0030191413,-0.3580585810041535,-0.02701418578885417
-0.38260382,-0.002681238,-0.35320717190873446,-0.025005340125783745
-0.38102254,-0.0023728285,-0.35416064546781834,-0.02839440713512706
-0.37923694,-0.001980287,-0.35446699661827197,-0.02628175655549714
-0.37748098,-0.0016238301,-0.3449038691708105,-0.03534182260805793
-0.37599072,-0.001184569,-0.3522814800562873,-0.04766544257635462
-0.37459236,-0.0006608991,-0.3569036870817536,-0.043117473254232985
-0.37269777,-4.1587653e-05,-0.3565687153956439,-0.029026220472785295
-0.3712654,0.00027441158,-0.38494746505120214,-0.027417274705203838
-0.36902663,0.00065816933,-0.383832981588854,-0.010754808206986193
-0.36719713,0.0007820472,-0.3893917278257037,-0.009444443278740592
-0.36511788,0.0009015014,-0.38198083083039536,-0.019395245050989385
-0.36330974,0.0011248993,-0.37400501881857356,-0.02597307813492257
-0.36143267,0.0014520928,-0.35948350899885856,-0.017656547390413453
-0.35978314,0.001668662,-0.3518291765264112,-0.015517518508044573
-0.358262,0.0018547744,-0.34616604619939884,-0.02966666997721837
-0.356792,0.0022146923,-0.3331921844080585,-0.01617072155625305
-0.3555392,0.0024019394,-0.32247573276102715,-0.02402878842017534
-0.35430592,0.0027059594,-0.32354742473446313,-0.03119996123471174
-0.3530265,0.003111023,-0.3189117176038818,-0.036949289847884766
-0.351905,0.0035522825,-0.32267912913165003,-0.03511999696029981
-0.35062388,0.004012896,-0.31742247128000295,-0.016526381494561627
-0.34945518,0.004221875,-0.332791572209889,-0.021112087511672217
-0.34768632,0.004568321,-0.3228447705478101,-0.021604444559340016
-0.34660694,0.004806654,-0.33095226710110953,-0.004572294941268429
-0.34520516,0.0048671463,-0.3172865618617524,-0.0008450053172201588
-0.34423715,0.0048760097,-0.32669563828794207,0.005984028586530641
-0.3429147,0.004798194,-0.32201740473235857,0.010172747950323958
-0.34163022,0.0046635107,-0.32012357434729727,0.015833983750522997
-0.34060326,0.0044925655,-0.3149179755009838,0.006672055405353563
-0.33964238,0.004421267,-0.3310170767803474,-0.0009554820291597203
-0.33813444,0.0044348575,-0.3367103424457676,0.007645872383301956
-0.33670342,0.0043369136,-0.33333554098253987,0.005182057298449459
-0.3356222,0.0042851954,-0.3272877932971335,0.005766836223864903
-0.3341388,0.004201564,-0.32179947038918605,-0.0059493497989033806
-0.333305,0.0042528096,-0.3301486822574753,-0.004507186690647614
-0.33195272,0.004310775,-0.3482589477228953,-0.004061820203172088
-0.3305213,0.0043579456,-0.34739309262027995,-0.0070485871114883015
-0.3289978,0.0044456837,-0.3461365937885131,0.0029128861277819586
-0.32743445,0.0044080913,-0.35582945698379154,0.0015507370521139526
-0.32576284,0.0043882774,-0.34943009208423564,-0.0002720405820728802
-0.32420686,0.004391679,-0.3473676349857019,0.0021972229990855604
-0.32300404,0.0043700812,-0.34129266327620295,-0.008464980330349833
-0.32128993,0.004494852,-0.3400922235792509,-0.02177903169945849
-0.31989956,0.0047579533,-0.3214589218654051,-0.022671575193703747
-0.31880656,0.0050148517,-0.3228392732710161,-0.001990968935297495
-0.3176632,0.0050381185,-0.33983126083442977,0.0005582886138441887
-0.31586275,0.005029365,-0.3445501769486293,-0.012099393240962457
-0.31461,0.005156153,-0.358693385582425,-0.01668491913765724
-0.3128818,0.0053718346,-0.3482583419290704,-0.0018233130808035965
-0.31152308,0.005391934,-0.344923244256904,-0.011747047990413763
-0.30984,0.0055567995,-0.34686386881123826,-0.015184890720500903
-0.30857083,0.005714943,-0.3411789045548903,-0.014885554484218896
-0.3070666,0.0059076753,-0.34228235728970346,-0.014855007494729887
-0.3056522,0.0060868226,-0.33121035887653,-0.021411022577197916
-0.30447215,0.006324711,-0.3268634308349018,-0.004692927665606052
-0.30320674,0.006383009,-0.3265999536281293,-0.021677405292819977
-0.3020616,0.006627338,-0.3289270590549564,-0.031611430534891585
-0.30067614,0.007048753,-0.32988155961684423,-0.028887919729153225
-0.29942438,0.007393528,-0.3363465198101367,-0.010672025687086605
-0.2979798,0.0075319833,-0.3250230193993079,-0.020187911213538336
-0.29704338,0.007720983,-0.31078187033323296,0.0018873700060092272
-0.29600415,0.0076981178,-0.28965290483971295,-0.016117323553726897
-0.2953994,0.007848879,-0.31064985032904524,0.005586036609853542
-0.29441345,0.0077939155,-0.30587178150060435,0.0002085723410514004
-0.29345325,0.007791439,-0.30006977053514433,0.01281302681422566
-0.29258028,0.0076424405,-0.2986654199788217,0.011846188404509484
-0.29187012,0.0075212303,-0.2978152095073233,0.010424894491456964
-0.29091418,0.0073580695,-0.30291381121732797,0.004836475702891995
-0.2897277,0.007155559,-0.30785486908581516,-0.008314236078367655
-0.28897554,0.0072310367,-0.30860805086768883,-0.008793405236057393
-0.28791234,0.0073428573,-0.2844937727292367,-0.0001531005967710889
-0.28791234,0.0073428573,-0.28528956543193157,-0.013260775900874449
-0.28713617,0.007513578,-0.2752932993455404,-0.015097668710171288
-0.2864454,0.007665514,-0.28998523266670523,-0.013631395726296736
-0.28582314,0.007802385,-0.2833949977302121,-0.02377251597324067
-0.2849427,0.007996043,-0.2956228454698227,-0.015672551907812693
-0.2838656,0.008232949,-0.2793408422119744,-0.013480982492256016
-0.28301886,0.00841919,-0.28209889246233527,-0.0031606944586329132
-0.28216785,0.008606372,-0.2791412489451768,-0.007689767044852793
-0.28150824,0.008751455,-0.259100008197647,-0.006100064912007003
-0.28150824,0.008751455,-0.25998990292778945,-0.010656164952741614
-0.28150824,0.008751455,-0.27334199206940135,-0.012114810940338819
-0.28150824,0.008751455,-0.2842928796315598,0.0024963531472117443
-0.28073546,0.00871892,-0.2897733805447331,0.002800460394686744
-0.28000867,0.00868832,-0.2965985425688514,0.018892675812268306
-0.2792835,0.008657789,-0.2947703619068891,0.02000282699915034
-0.2784119,0.008621093,-0.2955171574232923,0.035649281018634085
-0.277384,0.008577817,-0.3055896235548237,0.01955184868073473
-0.27640858,0.008341168,-0.29190009474670386,0.007971905602631222
-0.27547342,0.008229731,-0.2896522404824303,0.004240363811552605
-0.2748966,0.008160995,-0.2854188587302696,0.0008833230067975505
-0.27381784,0.0080324495,-0.29381353451355396,0.0013175589415090792
-0.27332374,0.007973574,-0.29778099493077764,0.011281826926600262
-0.27252662,0.007878587,-0.2944049038451992,0.013633052863737574
-0.27142575,0.007747406,-0.2838091126512102,0.010304297978188593
-0.27071977,0.0076632784,-0.28886174029069306,0.00394850202769994
-0.26991388,0.0075672474,-0.2629019322702866,0.011457004071381989
-0.26991388,0.0075672474,-0.27198205744194454,0.0020910290849011793
-0.26991388,0.0075672474,-0.25171467466862746,0.014292033452344493
-0.26991388,0.0075672474,-0.2544691930450444,0.017218297743433364
-0.26991388,0.0075672474,-0.26466706118751904,0.008227398681832447
-0.26991388,0.0075672474,-0.28229465416657235,-0.00033072408215363384
-0.2691207,0.0075718258,-0.2867517303824412,0.010039782703716247
-0.26848546,0.0075754924,-0.2760201025298824,0.004029489090011038
-0.26848546,0.0075754924,-0.2842713119336474,0.016145920625436024
-0.26774287,0.007373205,-0.28449289976323267,0.013523881417538342
-0.26702926,0.007178807,-0.2776511701764102,0.005669508655071153
-0.2662957,0.0069789803,-0.2640871536733737,0.005857718708445694
-0.2662957,0.0069789803,-0.26872229030620987,0.003077539764390541
-0.2662957,0.0069789803,-0.27955351391444017,0.012858242109934928
-0.26551747,0.0067955507,-0.26547087271997755,0.02339998638956156
-0.26551747,0.0067955507,-0.2574948673846197,0.013208953480721897
-0.26551747,0.0067955507,-0.25404202541495774,0.016980946415038285
-0.26551747,0.0067955507,-0.24755380481315523,0.009958354529800057
-0.26551747,0.0067955507,-0.23678681275784766,0.01670485032993362
-0.26551747,0.0067955507,-0.2359135745783838,0.012151607858910844
-0.26551747,0.0067955507,-0.23194838771331272,-0.004346668629585354
-0.26551747,0.0067955507,-0.23570630827227498,-0.01173931760482515
-0.26551747,0.0067955507,-0.24058855888349895,-0.002885098415217011
-0.26551747,0.0067955507,-0.26406774888596785,-0.011560214545884484
-0.26551747,0.0067955507,-0.25199640933892375,-0.011764494165586769
-0.26551747,0.0067955507,-0.24294320042931003,-0.013788178834974636
-0.26552847,0.0075954646,-0.2452904160341417,-0.012179782678597649
-0.2655432,0.009195381,-0.2533431676859698,-0.006588672313684856
-0.26552737,0.011595029,-0.268665453881392,0.012241795031365233
-0.26540506,0.014791087,-0.25947432724693864,0.02083853957424693
-0.265326,0.018789623,-0.2577150956227032,-0.0013518206779273706
-0.26525214,0.02358901,-0.24941662752848906,0.009084731735314386
-0.2652588,0.029188236,-0.26731642487545293,0.0071879812908252315
-0.2650413,0.0353781,-0.2636478525982569,0.010672290784886384
-0.26487774,0.0412421,-0.25765348252533704,0.014766956401847242
-0.26477993,0.047444113,-0.2710191653496565,0.030649419105485284
-0.264521,0.05322573,-0.2748923161405518,0.02697079584146813
-0.26419818,0.059360333,-0.27396815475642394,0.03211960017783914
-0.26391855,0.06481924,-0.2637610651508167,0.04401470483957953
-0.26374018,0.070729695,-0.27160837536957616,0.056754948268542965
-0.26347977,0.076071456,-0.27575609669097195,0.0818317347761371
-0.26316166,0.08123624,-0.263695152416246,0.09425219205289909
-0.26299962,0.08603648,-0.2476350973426546,0.09084493292610656
-0.26302823,0.0909849,-0.2531022285020779,0.08421970430990725
-0.26298806,0.09636977,-0.25648365238716275,0.09054961682569176
-0.26290923,0.10134707,-0.2619174356665237,0.1006249914109172
-0.2627574,0.10643574,-0.265211169153477,0.10640694977555741
-0.26256135,0.111508645,-0.2730584319062919,0.12411357434960417
-0.2622809,0.11608019,-0.262965977072304,0.12025021728789335
-0.26211426,0.12096124,-0.25234103117316514,0.11280529431069043
-0.2620838,0.12600003,-0.2541219083530926,0.10375786693380791
-0.26203388,0.13079944,-0.2631056214613303,0.09170545833659811
-0.26186505,0.13605958,-0.25958764822182046,0.09793236814712337
-0.2617517,0.14081195,-0.24176558463946196,0.09982716127489012
-0.26185665,0.14591116,-0.23360148463253633,0.09857638829590487
-0.2620582,0.15084516,-0.24125373737520778,0.10894967244841375
-0.26217088,0.15588269,-0.2342711345897463,0.11541432933462263
-0.26236555,0.16064268,-0.24954016768666995,0.13056536809486405
-0.2623709,0.16494241,-0.25370215240028055,0.13722981144749918
-0.2623233,0.16960806,-0.24304887520526972,0.1425647844374856
-0.26241252,0.17419574,-0.24717758011662588,0.14709544186272522
-0.2624494,0.1788082,-0.22972073944985696,0.16738012419571496
-0.26266578,0.1823568,-0.2474558031681395,0.17394717847655433
-0.26269904,0.18661731,-0.25323592431643827,0.1885161174818861
-0.26266038,0.19033866,-0.2417156134287736,0.19762512643546898
-0.2627617,0.19403711,-0.2442210441076629,0.19458784935402282
-0.2628344,0.19787818,-0.25310558595405,0.19500698766234217
-0.26279512,0.20173667,-0.24379067596587756,0.20372035048023174
-0.262877,0.20564362,-0.23728502899154622,0.20675244015520017
-0.2630341,0.20926742,-0.23898163788709093,0.21990424085267718
-0.263164,0.21256953,-0.22990123593157452,0.2075314728728167
-0.26342976,0.21643646,-0.2542854976762582,0.21750967864751414
-0.26337987,0.2197248,-0.25787655821127287,0.2325156559776969
-0.2632755,0.22326866,-0.25481712666807244,0.2298544027667128
-0.2632165,0.22657788,-0.264411208828167,0.23364750363731884
-0.26304227,0.22979783,-0.2650613893567646,0.2322694716742654
-0.26284313,0.2333377,-0.2607207009952169,0.23453493704431758
-0.26271737,0.23645182,-0.2622913777338234,0.23306077070656706
-0.26257372,0.23957142,-0.2723109908734377,0.22204916807001945
-0.26228023,0.24322766,-0.27453711715214807,0.22154706515719147
-0.26198122,0.24662091,-0.2551944207961683,0.21244537284288956
-0.26191762,0.250142,-0.2458277792677723,0.21672486861878565
-0.2619712,0.25377995,-0.25623856525943806,0.22715371119182368
-0.26189262,0.2572169,-0.25606257318226666,0.2236688460276171
-0.26181707,0.26066023,-0.25787894328696226,0.23501881448911024
-0.26172405,0.26378858,-0.264083454562089,0.2385665800006028
-0.26154175,0.26717266,-0.2796057516706191,0.23820320212081394
-0.26117507,0.2704153,-0.27024672389740956,0.23697418214630128
-0.26093432,0.27354276,-0.2725635788046206,0.23994420942047837
-0.26066175,0.27668425,-0.2864320416061921,0.2508293679423712
-0.2602036,0.27981764,-0.297052924228988,0.2628214330224418
-0.25963607,0.2826784,-0.29897471731276476,0.27809289745670507
-0.25896922,0.28604034,-0.28682754481099154,0.2885246537545451
-0.25855324,0.28871152,-0.2991080441316851,0.31272773809531307
-0.25793102,0.29140103,-0.28964678611101785,0.3070887609707604
-0.2574215,0.2942015,-0.2822363084445355,0.3114692978709429
-0.25704885,0.29666996,-0.28185817841780314,0.309208315771203
-0.2566265,0.29953074,-0.2760314306203067,0.3213463345173674
-0.25633898,0.30177993,-0.28162360930012803,0.3160942913133614
-0.25594777,0.30436438,-0.26112922299884117,0.3273762917214481
-0.25581154,0.3067836,-0.2644240431278276,0.32957549862660035
-0.25563824,0.3091317,-0.2740976750808074,0.33455488473937667
-0.2553567,0.3113567,-0.26818369374984125,0.3247426167551248
-0.25511274,0.31404358,-0.26878271166572293,0.31681502317692734
-0.25487798,0.31664544,-0.2655048229093163,0.31330894390972347
-0.25469676,0.3191196,-0.2729948251819695,0.32882242702449627
-0.25439903,0.3216597,-0.270859949499902,0.31233032769260577
-0.2541681,0.32401422,-0.2695976270589117,0.31427592603519966
-0.25391704,0.3267137,-0.2672242033482455,0.3085594914620144
-0.25373754,0.32896912,-0.26168620618830624,0.2953099280573417
-0.25358197,0.33202666,-0.26821979957045494,0.2892938686801143
-0.2533644,0.3348413,-0.2586017921409448,0.30869784466476125
-0.25325245,0.3376565,-0.2696438225544085,0.32137107696772954
-0.25299796,0.3402944,-0.27073772708776206,0.3274832888652413
-0.25276744,0.34248996,-0.25463204206026824,0.326056032674913
-0.2527086,0.3450168,-0.2572159663587047,0.3420672975186685
-0.25261572,0.34737182,-0.25753598730638483,0.33140813817571885
-0.2525205,0.34981778,-0.26536429320234595,0.33065114643641846
-0.2523304,0.3522226,-0.267257462844251,0.34661338117439394
-0.25212443,0.35435146,-0.25746171333444673,0.3481627221123466
-0.2520303,0.35658208,-0.25714958592286347,0.354581171555815
-0.2519484,0.35853502,-0.2508812275900469,0.350521797929177
-0.2519374,0.3607122,-0.24387808437074318,0.35523454763198425
-0.25201026,0.3627329,-0.2543113314272177,0.3441578488190718
-0.25195175,0.36518708,-0.25579469027355234,0.3517214170523976
-0.25187933,0.3673524,-0.26296452641471907,0.3437480676373552
-0.25171795,0.36960855,-0.2579062260644274,0.3573937333612082
-0.25162563,0.37156585,-0.25233417050776724,0.3687855794581907
-0.25159857,0.37337694,-0.2429169168777418,0.36485014761016277
-0.2516914,0.37547624,-0.23235286501641306,0.37793799222600943
-0.2518858,0.37709638,-0.23468163496447747,0.3927404382649836
-0.25207248,0.3787083,-0.24385275569167453,0.3943445477101011
-0.25215456,0.38045293,-0.24065264626332747,0.4038397900608625
-0.252274,0.38200116,-0.23006694411772607,0.3938464064757136
-0.25256088,0.38388875,-0.2523758487862505,0.38640719870306245
-0.25253245,0.38554648,-0.2516816475646508,0.36827249802493833
-0.25251094,0.38755184,-0.24082449183400498,0.3738100510599732
-0.25261843,0.38932312,-0.24804756720170046,0.37758866590599754
-0.2526402,0.39096582,-0.22851698878071214,0.37942519193224666
-0.2529095,0.39279085,-0.22134568539324603,0.38366246603548654
-0.2533083,0.39475793,-0.2170769096573404,0.36618951550067236
-0.25376382,0.39695525,-0.22682274712133868,0.3866259400182208
-0.2540149,0.39845425,-0.2384697072490336,0.38628550741809536
-0.25415468,0.40013576,-0.25458919904429295,0.4006772997662779
-0.25411135,0.4013093,-0.25300580461566813,0.38907486248040507
-0.2540695,0.4032012,-0.24867368729023973,0.381980995515297
-0.2540847,0.40484035,-0.2532975517652551,0.39012157430188843
-0.2540375,0.40677127,-0.24705494918816365,0.4076290162031518
-0.25406256,0.40777022,-0.24048520741867044,0.40344910075822216
-0.25419614,0.4094767,-0.26366069552054855,0.39248155211177294
-0.254066,0.41073933,-0.28260941974595133,0.4082798527135856
-0.25362217,0.41232795,-0.28760716953186166,0.4174187312554763
-0.2532029,0.4135274,-0.2987990726002879,0.4064103036402672
-0.2526013,0.41498938,-0.29444014464820284,0.4089817941362704
-0.25203103,0.41647816,-0.29491479681733485,0.4198215674143302
-0.2515627,0.4175748,-0.3018369096857495,0.42435175806957953
-0.25095585,0.4187531,-0.2890300728930823,0.4202516842699463
-0.25054905,0.41984487,-0.2808300769886969,0.41804237720802373
-0.25012589,0.42131293,-0.274920725925496,0.4219335817921925
-0.24982542,0.42255557,-0.26550178444517064,0.4296194397514593
-0.24966544,0.42353994,-0.24049067778926325,0.41209073752552383
-0.2497817,0.42492038,-0.24041799199512676,0.41790936923429833
-0.24990481,0.42629632,-0.23031612246311783,0.4149339366273706
-0.2501806,0.42783844,-0.23274824131229227,0.40665354148594757
-0.250383,0.42922688,-0.22403367319760586,0.41376962203204914
-0.25069547,0.43056548,-0.2321700401859914,0.417035069419706
-0.25093165,0.43199557,-0.24080337505172958,0.4431564431232883
-0.2510362,0.43292585,-0.23085645773628286,0.43963295981521683
-0.25134,0.43428063,-0.23290550079864356,0.4328229787870229
-0.25155377,0.43543327,-0.24419663684770976,0.45689088436587394
-0.2516371,0.43641117,-0.2455181351959244,0.45710777431853916
-0.25170398,0.43719605,-0.23762792290378765,0.4482704753201323
-0.25178322,0.4381261,-0.23888906342067467,0.45481552281972837
-0.2518719,0.4391671,-0.24716172911349515,0.44874249582364456
-0.2519544,0.44013518,-0.2576454297964044,0.45151340811207896
-0.25203085,0.4410322,-0.24918357459838203,0.4481814950851151
-0.25211552,0.44202584,-0.2532058434289726,0.4722857875701297
-0.25216994,0.4426646,-0.2522615783302489,0.4800879298589569
-0.25216994,0.4426646,-0.2741503315723571,0.45862834038189343
-0.2520119,0.44337443,-0.2684589046000421,0.4668440147070067
-0.25177857,0.44401568,-0.25071754135626184,0.45261895972471106
-0.25154826,0.44464865,-0.24440850530072683,0.4417058313700877
-0.25150543,0.44552228,-0.24011256378263496,0.4466748149817463
-0.25162035,0.4464326,-0.25002188095420114,0.44318513045365
-0.25162008,0.4474549,-0.2598815955720262,0.44147909899812443
-0.2514877,0.4485737,-0.24659187872536648,0.43856881325188574
-0.25152916,0.4496251,-0.2409037582186562,0.4244446321045509
-0.25163838,0.4508325,-0.23942161889842342,0.44523287225519065
-0.25175261,0.4516939,-0.25156886739049494,0.4603414293962834
-0.25175261,0.4516939,-0.2564039001500779,0.4412821409989392
-0.25169286,0.45247486,-0.26257729826612825,0.4403292842767517
-0.25151253,0.45368883,-0.25828062147355935,0.449138518816826
-0.25142184,0.45451966,-0.24212421866476525,0.45660489549783184
-0.2513027,0.4556111,-0.2524540183272836,0.4476687621133375
-0.25120977,0.45646253,-0.2542282172306191,0.43864398345408684
-0.25114715,0.45774153,-0.25799889025248735,0.4469382431913725
-0.25106156,0.4585767,-0.2401015971552398,0.4559221638348888
-0.25096872,0.45948282,-0.2454130266619515,0.46136348581052283
-0.25089648,0.4601877,-0.255724317299789,0.47537540317159954
-0.25089648,0.4601877,-0.2502858716413154,0.4630430571492253
-0.25089282,0.46098387,-0.24781659356837582,0.4838378429874723
-0.25089282,0.46098387,-0.25030596841617203,0.4742524985250553
-0.250888,0.46178386,-0.24461530252760721,0.4733206103015813
-0.250888,0.46178386,-0.24154705642741994,0.4770971242570581
-0.250888,0.46178386,-0.2574888264210713,0.46647634920777575
-0.25078723,0.46257138,-0.27226007355541804,0.47180274833124575
-0.2506827,0.46338817,-0.2647646666617825,0.4515450629796994
-0.2505376,0.4645221,-0.2539147810019241,0.4588465800225842
-0.25041723,0.4654628,-0.24515300988725608,0.46774773772011363
-0.2503548,0.46595076,-0.23929187712097666,0.47926720061570866
-0.2503548,0.46595076,-0.2406652367003161,0.4667271675339266
-0.25047612,0.4667082,-0.2360257342266913,0.4623715033482406
-0.25060627,0.4675207,-0.24789167858442449,0.47284681657364397
-0.25060627,0.4675207,-0.2538750150620142,0.4655032170208216
-0.2505556,0.46829876,-0.258608579920063,0.46133897819552755
-0.25049645,0.4692072,-0.2739851023170411,0.46052048261768147
-0.25044644,0.46997502,-0.2558217021527939,0.47242161582636155
-0.25044644,0.46997502,-0.2506377306927136,0.46591652332042943
-0.25043783,0.4707738,-0.2397793307243951,0.4696594171425748
-0.2504295,0.47154295,-0.24354410640486837,0.4730770280233081
-0.25042197,0.4722406,-0.2463702331611818,0.4579668504287215
-0.25041047,0.4733062,-0.23673699008491733,0.467239003636331
-0.2504024,0.4740553,-0.23846998389360716,0.4663775053214037
-0.25039393,0.47483876,-0.23761496557430606,0.47774255653908704
-0.25039393,0.47483876,-0.23821956348257572,0.4838045290128014
-0.25039393,0.47483876,-0.24866402606171079,0.48044205544248253
-0.25039393,0.47483876,-0.24731227102349096,0.49291588592968266
-0.25039393,0.47483876,-0.24769047522896456,0.4815489606152435
-0.25039393,0.47483876,-0.2624176891444548,0.4828202858546285
-0.25039393,0.47483876,-0.2670178250685187,0.486801790123146
-0.25039393,0.47483876,-0.2640205168875026,0.4696510192715887
-0.25020292,0.47559282,-0.2637281622013376,0.4752241696154255
-0.2500277,0.47628456,-0.2704821768138249,0.4720888078226082
-0.24983479,0.47704604,-0.2840320123444697,0.4773508167190806
-0.24960588,0.4779497,-0.2711647146084368,0.47503415782678915
-0.2494365,0.47861838,-0.2699318723241736,0.48295664086422063
-0.2494365,0.47861838,-0.2559244260474616,0.4919420288044913
-0.2494365,0.47861838,-0.2683622346636824,0.48236103767923916
-0.2494365,0.47861838,-0.2614034480638203,0.4804556841488694
-0.2494365,0.47861838,-0.2753938444162364,0.47554988012404886
-0.24907953,0.47931352,-0.2582659602486945,0.4781231010582315
-0.24907953,0.47931352,-0.2623414256031558,0.48057902941334746
-0.24907953,0.47931352,-0.2659020209554762,0.46847902014306203
-0.24886699,0.48006892,-0.2634327603554452,0.4642025859731236
-0.2486533,0.48082846,-0.24866248345605246,0.4732443390555703
-0.2486533,0.48082846,-0.23465962731657986,0.47484793868584146
-0.24866658,0.4813862,-0.2449909093959132,0.4644730623922232
-0.24896273,0.4823544,-0.24732000632472143,0.4608111043352803
-0.24896273,0.4823544,-0.2355359694671665,0.46404902565082984
-0.2491471,0.48313132,-0.24601212672595107,0.4584278502018869
-0.24931726,0.48384836,-0.24865488756608475,0.4597853482726377
-0.24948171,0.48454136,-0.2645813613457974,0.4698569057200834
-0.2497124,0.48551348,-0.2655767555788862,0.46489582352170916
-0.24990778,0.48633683,-0.25620547762421864,0.46483805790867017
-0.25005892,0.48697373,-0.24776169416323732,0.47166619766562046
-0.25022757,0.4876844,-0.23389459717988745,0.47663963288651096
-0.25022757,0.4876844,-0.22996243021153737,0.4605041123629146
-0.25046435,0.4884465,-0.22706944485190775,0.45829939300982125
-0.25069878,0.4892011,-0.22128843394430678,0.44544151998728454
-0.25106788,0.49022382,-0.2278743476882564,0.46030450091932273
-0.25128376,0.49085507,-0.22894178286874856,0.46598761686224166
-0.2515545,0.49164668,-0.23584153682159176,0.4613739403592291
-0.25179973,0.49236378,-0.2363640208158956,0.46149236128862653
-0.25209808,0.49323615,-0.24574460005929397,0.4704489980609978
-0.25209808,0.49323615,-0.25872418932659014,0.46010315064275953
-0.25211468,0.49395394,-0.258300244023387,0.47486372698181417
-0.25211468,0.49395394,-0.26724526691498524,0.48298025344088347
-0.25211468,0.49395394,-0.25351931621975526,0.4747065978705208
-0.2520591,0.4947483,-0.23839452000693281,0.47767346595868904
-0.2520591,0.4947483,-0.2300610730774242,0.48608919206787804
-0.2520591,0.4947483,-0.23208889632675805,0.503121843809095
-0.2520591,0.4947483,-0.23234830056394495,0.49180654196624707
-0.2520591,0.4947483,-0.22565954009227723,0.4874615781369385
-0.2520591,0.4947483,-0.23100812835563683,0.49729161841763275
-0.2520591,0.4947483,-0.24334973273324026,0.49551867221999146
-0.2520591,0.4947483,-0.25093523790961636,0.5113083750054457
-0.2520591,0.4947483,-0.2446268457058141,0.5113265569460853
-0.2520591,0.4947483,-0.22849199600074413,0.516107414253526
-0.2520591,0.4947483,-0.22586610725684358,0.5126968112043505
-0.2520591,0.4947483,-0.23285224200095228,0.5162550980123872
-0.2520591,0.4947483,-0.2399490260626666,0.509461339629259
-0.2520591,0.4947483,-0.22438384689011545,0.5037435352724458
-0.2520591,0.4947483,-0.19910574677271126,0.5000408965741975
-0.2512591,0.49474823,-0.19179404177403828,0.48825635174681586
-0.24966022,0.49479073,-0.1920699795635226,0.5011876688347965
-0.24726126,0.4947843,-0.19732256425752945,0.5080269982654607
-0.24406214,0.4947269,-0.1995387369692797,0.495151811564556
-0.24006402,0.49477002,-0.20170124550382243,0.5025252872338855
-0.23526475,0.4947432,-0.20997712515059638,0.49236046047953147
-0.2296669,0.49483618,-0.19965031459422453,0.4904499660139695
-0.22397326,0.49495712,-0.1922448967073608,0.4945895785514632
-0.218526,0.49502376,-0.17739663082875912,0.4868223717918123
-0.21326502,0.49518597,-0.17161320093287444,0.4961192318210143
-0.2079724,0.4952347,-0.17054428780350628,0.5091410058668868
-0.20284525,0.49512327,-0.16038696932928814,0.49871469231411336
-0.19787492,0.49513882,-0.16788088579900934,0.48540639294660143
-0.19269207,0.4953198,-0.16556228388797875,0.4747334754645316
-0.18769611,0.49562356,-0.1559433653910035,0.48605277350193077
-0.1828087,0.49579147,-0.14498509866672743,0.48058349024825087
-0.178109,0.4960225,-0.13763578140736182,0.4652905876481615
-0.17326894,0.49645588,-0.14075408322833052,0.45989026157328977
-0.16830961,0.49696493,-0.14569682691201424,0.4776243743880033
-0.16334322,0.49724576,-0.14962422822568297,0.4697274052900205
-0.15830629,0.49762732,-0.15653241146826502,0.4692019814480355
-0.1531439,0.4980184,-0.13059693625473415,0.4802700364391484
-0.14882582,0.49824226,-0.13591271329602228,0.4805061467036423
-0.1438162,0.4984953,-0.12752099834758715,0.47502966928663154
-0.13937393,0.49878913,-0.1150692791426928,0.4814594140615862
-0.13469453,0.49902678,-0.12112163734845902,0.49687759678731597
-0.13008071,0.4990656,-0.12499792524911128,0.4784194268305876
-0.12525173,0.4993435,-0.11462396568490878,0.49432374011133956
-0.1208278,0.4994124,-0.11270813415100503,0.49137520864466055
-0.11615824,0.49952343,-0.11591247011965872,0.509453152525666
-0.11167715,0.49940768,-0.11152075758843673,0.5046296233912613
-0.10695932,0.49934727,-0.09758840098921108,0.5008497745981764
-0.1028175,0.49933714,-0.08833341166735967,0.49212168328959166
-0.09866355,0.49943388,-0.07317196777996805,0.48563188176288014
-0.09476363,0.49960726,-0.06980473405665406,0.5053517306033832
-0.09094871,0.49954343,-0.06027043307064594,0.49647519743743834
-0.087067634,0.4995875,-0.06548942829386384,0.5048318772033352
-0.083382845,0.49953106,-0.07231384678191145,0.5102395694183233
-0.079346836,0.49940285,-0.08386756168834086,0.48065407269032484
-0.075543,0.49962327,-0.07294912933497083,0.47693808963640394
-0.07123101,0.4999312,-0.07480433721220288,0.4822673976578879
-0.067227766,0.5001497,-0.07920058785410934,0.4877522555291652
-0.063084505,0.50030386,-0.06892033558161675,0.47863398364237
-0.05927443,0.5005591,-0.06262302222717164,0.47468111928600787
-0.05556061,0.50085986,-0.05775012842547989,0.4678327569737511
-0.051443573,0.5012902,-0.043601878088911736,0.48804049424803436
-0.048199505,0.50142235,-0.03398324559183713,0.48725056688285157
-0.044569697,0.5015853,-0.04044883678916931,0.4829888596804669
-0.040923517,0.50179887,-0.0372523346355813,0.47768030510954496
-0.03757761,0.50205886,-0.01677555743345865,0.48067409844361586
-0.03445136,0.50228536,-0.01883383407961616,0.4681995283866649
-0.031006616,0.5026928,-0.023081158036029614,0.48111976542928997
-0.027921086,0.50290614,-0.010067716215556338,0.4807273213912579
-0.024662372,0.50314766,-0.008316595918588748,0.48451641362262454
-0.021502333,0.5033371,-0.017737256901863813,0.4844408125423305
-0.018045058,0.503538,-0.023224169712590538,0.4986328066917284
-0.014955655,0.50355345,-0.01068649086938151,0.49554373993242434
-0.011689993,0.5036093,-0.012833923911597675,0.5086679532588422
-0.008591584,0.50350714,0.004949075388313415,0.5054470188310562
-0.0054575955,0.50343746,-0.004395814608302899,0.520286722505543
-0.0020838005,0.5031684,0.011362404499445745,0.5075733006899518
0.0005676019,0.50308424,0.023201910195497714,0.5242074786952793
0.0035205006,0.50276905,0.023708704789442925,0.5175248242967014
0.007286773,0.5026305,0.020619541886309836,0.5207208293235785
0.011860364,0.50243276,0.04232877690046654,0.525582038144264
0.017229509,0.50213265,0.054943278161021,0.5123024862095601
0.022842726,0.5019775,0.05046575911505685,0.49766413255053044
0.028339839,0.50200605,0.05041805299028186,0.49188546663660043
0.033879258,0.502106,0.059497296139219155,0.4973914348242333
0.039270673,0.50213796,0.05813321251248328,0.5083847390148819
0.044953845,0.50203013,0.07463753967240207,0.49866430908439274
0.04995279,0.5020458,0.09003036238454318,0.5060917406690159
0.055141762,0.5019687,0.08569286421225002,0.4921211226527466
0.06041066,0.5020689,0.10749717169546842,0.48577263323877307
0.065150246,0.50224066,0.09632263157757992,0.5028230033456524
0.07009742,0.5022061,0.08959727494159762,0.4976717054080807
0.075064056,0.5022343,0.09066687064974828,0.49665122110609955
0.08041041,0.50227803,0.1168590195204919,0.5103289817529864
0.08509436,0.5021517,0.12792601119888877,0.5268764206777483
0.08958407,0.5018274,0.13530298227495344,0.5135129329333535
0.09422707,0.5016554,0.1355166537304178,0.5212418889988716
0.09893392,0.5013811,0.14466806692503836,0.519971145189363
0.10339426,0.5011304,0.14331319446894866,0.51848608949638
0.10790071,0.5008969,0.1312094593922717,0.5092232120357294
0.11288988,0.5007721,0.1511340983408658,0.4870713149189531
0.11696073,0.500923,0.1596235808969672,0.49493669169859367
0.12116487,0.5009855,0.1600717603361539,0.49343323505951164
0.12526727,0.5010648,0.17242472364163977,0.4973167478634986
0.12930761,0.50109786,0.16654379541389785,0.49731671453490073
0.13350247,0.5011316,0.17463731761705764,0.5091203446379986
0.13766491,0.5010149,0.17662013301276086,0.5046813245436791
0.14146027,0.50095993,0.18570708667743138,0.507603558510398
0.14528595,0.50086737,0.19616789654742703,0.5042886686228081
0.1493001,0.5008107,0.20025698355361596,0.4948810463311696
0.15328307,0.5008787,0.20370455235355586,0.48616688978832134
0.1567151,0.5010389,0.21054086800101224,0.48047413334450245
0.16043065,0.50128955,0.22458261220573555,0.4871149663371644
0.16370909,0.5014429,0.2089737708783366,0.48395886470443306
0.16757354,0.50165594,0.204335549593282,0.4978338012847825
0.1712608,0.50168294,0.19633461417724613,0.49620219033738483
0.17489351,0.50172836,0.2029621462877154,0.48761477972386674
0.17827994,0.50186956,0.19228111991343952,0.5035520548915804
0.1823082,0.50182307,0.1952117225602215,0.49633547982526427
0.18546364,0.501861,0.18557056846052492,0.4902900920837543
0.18941759,0.5019831,0.19308763410264704,0.4949215295713204
0.19317128,0.5020452,0.18960233532263063,0.4883697618401461
0.19704928,0.50219053,0.19150271147736395,0.4927680366091737
0.20103426,0.50228393,0.2042969500244894,0.4932573865576243
0.20452379,0.5023635,0.20785958599884297,0.49703705354997885
0.20810933,0.50239986,0.1965241236833406,0.48761657220359617
0.2123342,0.50257224,0.20727375985740298,0.4966199566955591
0.21570592,0.50261116,0.2215450669967313,0.4977330065844545
0.21908562,0.5026387,0.21598195896321637,0.48582576250455
0.22270231,0.5028192,0.2259769354370606,0.4953108444999027
0.22616924,0.5028785,0.20739483271812578,0.4920097260459864
0.2297405,0.502976,0.19891700435679138,0.4893801702155374
0.23364791,0.5031138,0.20952826735823102,0.5136057404208165
0.23691127,0.502961,0.2060299488343539,0.5179604711136324
0.24055582,0.5027383,0.21117145622374997,0.5199610097288115
0.24409768,0.5024935,0.2314799356244543,0.5189607602860614
0.24746434,0.5022558,0.24158127059099105,0.5034748261132457
0.25090206,0.50220954,0.25281762863798896,0.49401417628877603
0.253777,0.50227916,0.2611693305619194,0.4758985423032072
0.256493,0.5025532,0.2720745063868248,0.4890813638643886
0.25936723,0.5026909,0.2765581328037457,0.48452269052658997
0.26209593,0.5028799,0.2694605514689874,0.4922309534936936
0.26497698,0.502977,0.2623093173679586,0.49168169856911126
0.26799774,0.50308275,0.27396131256841766,0.49061606090666343
0.27090767,0.5032036,0.29400286664984293,0.49029135590134904
0.2733902,0.5033206,0.2993728702662569,0.4930402367459823
0.27578685,0.5034037,0.31043608821194635,0.5034096580990631
0.2781986,0.50336033,0.30503525418325117,0.5190021086317896
0.28072092,0.5031145,0.29616144982711246,0.5193301091518033
0.28324825,0.50287485,0.3099703946394926,0.5200185409182007
0.28563988,0.5026229,0.313979911701658,0.5293342950763391
0.28795826,0.5022573,0.3186982865166632,0.5319150930315072
0.2899126,0.50191325,0.32417273078107084,0.5287687345167712
0.29209226,0.50155663,0.3036234968384927,0.5226104212013652
0.29455152,0.50127345,0.2991668393514271,0.5147379772000528
0.29730853,0.50107116,0.3029779383438523,0.5172273111320151
0.2996643,0.50086516,0.28650137482902616,0.5241552157719281
0.3023501,0.5005613,0.29174991629877417,0.5250334960558005
0.30467606,0.5002817,0.3008789461758654,0.5267247600537599
0.3072997,0.49992958,0.30532739339619297,0.5132118045239497
0.3098928,0.4997536,0.3290489121686912,0.5234852284901635
0.3116866,0.49950716,0.3264679797963421,0.5143058648744702
0.31390136,0.4993246,0.31353319425884274,0.5229997131957741
0.31629056,0.4990299,0.324817062867414,0.5203907046261076
0.3184643,0.49877688,0.33810646936006755,0.49851186954845994
0.32028958,0.49879366,0.3325423694392547,0.49212939641223874
0.32244912,0.49889517,0.32700669201824006,0.4927908377127803
0.3246224,0.49898574,0.3284355071241647,0.4972883461825048
0.32654518,0.49901614,0.33995589014998856,0.5074580076418049
0.32870066,0.4989157,0.33479462916497393,0.5226073244039144
0.33065364,0.49864846,0.348880034885222,0.5158936923057917
0.33244976,0.49845955,0.35467148042611224,0.5115477121417188
0.3342023,0.49832028,0.35336495558937087,0.4954389692046629
0.33611524,0.4983798,0.3650609496528125,0.49889641790447303
0.3373015,0.4983895,0.3567073029015738,0.48807410966969583
0.33927572,0.4985538,0.35999006349914847,0.493966489504771
0.34076196,0.49861786,0.36281537808678255,0.49082678680617947
0.34235436,0.49872434,0.36177361047026857,0.4818870536841551
0.3439324,0.49893114,0.3682713943665057,0.4861689814694591
0.3455759,0.4991037,0.3554107704466364,0.483359169259767
0.34766525,0.49934417,0.35311573082738423,0.49716027734447266
0.34938806,0.4993775,0.38161051663288353,0.4988506859047041
0.35089013,0.49939206,0.38483398548701103,0.5025581658002316
0.35236353,0.49935934,0.3987189246056517,0.5065645697730956
0.3535897,0.49927986,0.39134027765258145,0.4930162552042367
0.35461938,0.49934605,0.4053892786557249,0.494920673256132
0.3558701,0.4994132,0.4009206734841509,0.49508700806732825
0.3570452,0.49947146,0.3958293175088413,0.4909585138005279
0.35837,0.49958643,0.38879587415774974,0.49389634658222936
0.35984543,0.4996674,0.3933644197324774,0.5110281570827998
0.36107966,0.49953976,0.3843650366191217,0.5010493401671766
0.3624972,0.4995269,0.38059165482487683,0.49945647751130223
0.36412695,0.4995343,0.3855207340732277,0.49807786960615874
0.36515817,0.49955162,0.373865877919494,0.507473045328368
0.36698115,0.49944362,0.3731949085480389,0.49382389936546095
0.3682939,0.49950755,0.37815692873020884,0.47851151843993844
0.36994928,0.4997995,0.36990347911858495,0.4785270184639065
0.37183085,0.50011003,0.36866798988517846,0.4836306229605093
0.37334126,0.50029826,0.38083921226920825,0.4803985745367583
0.37459442,0.5005044,0.3669572936513153,0.47529742446980905
0.37653363,0.50086445,0.36276078686322155,0.477819118886922
0.3782256,0.5011379,0.3643582688032616,0.4805643992549813
0.38029,0.50143373,0.3700013097930789,0.4735596620765326
0.38148725,0.5016772,0.37553030122826264,0.4856967392080132
0.3829853,0.50184935,0.38984093813680354,0.5027408575179073
0.3843819,0.5018146,0.3866791284661935,0.5037921438841423
0.38583016,0.50176615,0.38775803471565656,0.5125124237395846
0.38703567,0.50163174,0.3894920318472073,0.5143331334523197
0.38845366,0.5014478,0.38396425133758927,0.5000585751170692
0.38991696,0.5014471,0.40812412948765503,0.48641292936493014
0.39067742,0.50155956,0.41230778816144376,0.48188638350179164
0.39181495,0.5017945,0.4220240247520343,0.4959023847321668
0.39236423,0.50182337,0.4358435195999313,0.499257249117174
0.3936287,0.5018898,0.42452480398594433,0.5022918240738414
0.39459732,0.5019407,0.41382662746145843,0.4974429004121479
0.39581177,0.5019768,0.41176027369102586,0.5140602803731338
0.39696229,0.50179344,0.4161383951264291,0.5206720149630832
0.39778125,0.50159156,0.4016648068329572,0.5181261049808437
0.39913815,0.50134146,0.404805948232529,0.5157039183310851
0.4001995,0.50116634,0.4110559063711946,0.5180475374543779
0.401149,0.5009737,0.40662332279383334,0.5168881333999286
0.40226197,0.5007724,0.39710077442069874,0.5225768226587559
0.4035571,0.5004883,0.405558527102206,0.521144054522063
0.40450522,0.500276,0.391058235089976,0.5182626946603667
0.40603748,0.5000192,0.40090140915663475,0.5105143045840931
0.40737256,0.49987754,0.3877597763837745,0.4997223143094962
0.4086855,0.4998808,0.3983882656845225,0.5012038252385397
0.40966642,0.49986917,0.4122646268823319,0.5002066189973856
0.41072193,0.4998667,0.41032141950365697,0.5048803774582422
0.4118334,0.4998062,0.41135139935314746,0.5063365498497215
0.4127573,0.49974015,0.42018384986586976,0.5083225346698099
0.41395828,0.49961492,0.4172825906064491,0.5023864586052696
0.41478288,0.49959114,0.4107411894724842,0.5199171845046004
0.41588706,0.49934477,0.40130980479307093,0.522691829780146
0.41706845,0.49907312,0.40678793856976714,0.5123510196225839
0.41834274,0.49890426,0.4051194469689601,0.502014145939731
0.41925463,0.4988849,0.41342341857837245,0.5014060110898552
0.42054936,0.49886385,0.4354948091889081,0.4891187174341747
0.4211528,0.49896565,0.4351070323363061,0.505418367280839
0.42183384,0.49908054,0.4170658144425658,0.5088934646118591
0.42273676,0.4989837,0.41144710269920043,0.4950968429404611
0.42383194,0.49904436,0.41668979041904014,0.49212886004394074
0.42474827,0.49913093,0.4207600150446555,0.4787497777365236
0.42570174,0.49938664,0.43762143798572556,0.49471940587048074
0.42643654,0.49944884,0.4346770366414211,0.5101629196005978
0.42739686,0.49953014,0.4214180272917591,0.5046337389863954
0.4283354,0.4996096,0.418003755935157,0.49877355983374877
0.42909598,0.49962097,0.42549423351229976,0.49254221468632137
0.42996663,0.49970812,0.431567258143255,0.49794206446802103
0.4308442,0.49979594,0.4329582376411048,0.5004383071303522
0.43185434,0.49989706,0.43299350221333655,0.49274555941706244
0.4330662,0.50001836,0.439975038169026,0.5000109792173804
0.43352193,0.50006396,0.44090997413052946,0.489795495313555
0.43441907,0.5001538,0.4418804680841094,0.49060076482453113
0.43441907,0.5001538,0.44455095646298026,0.503882746220176
0.43520555,0.5000987,0.4379065980574886,0.5024453237068922
0.43593538,0.5000476,0.44321139094991546,0.5000134900544003
0.43655324,0.50000435,0.4428956249396369,0.511145653565881
0.43710467,0.49996573,0.4419079848819691,0.505338251378657
0.43793824,0.49990734,0.4444587296541836,0.5074312999634294
0.4385872,0.4998619,0.44513759566189953,0.48285166149493386
0.4393529,0.49980828,0.4506831278816292,0.4807318486101384
0.4393529,0.49980828,0.4514688101428145,0.488328954458776
