est_x,est_y,odom_x,odom_y,gt_x,gt_y,cov_x,cov_y,cov_xy,cov_yx,heading_cmd,speed_cmd,heading,speed,setpoint_x,setpoint_y,gt_heading,gt_speed,collision,step,t_wall
nan,nan,0.0,0.0,0.0,0.0,nan,nan,nan,nan,0.0,0.0,0.0,0.0,0.800000011920929,0.800000011920929,0.0,0.0,0.0,1,0.5969896070000686
nan,nan,0.0,0.0,0.0,0.0,nan,nan,nan,nan,0.0,0.0,0.0,0.0,0.800000011920929,0.800000011920929,0.0,0.0,0.0,2,0.9121234759986692
nan,nan,0.0,0.0,0.0,0.0,nan,nan,nan,nan,0.0,0.0,0.0,0.0,0.800000011920929,0.800000011920929,0.0,0.0,0.0,3,1.2266697679988283
nan,nan,0.0,0.0,0.0,0.0,nan,nan,nan,nan,0.0,0.0,0.0,0.0,0.800000011920929,0.800000011920929,0.0,0.0,0.0,4,1.5145146649992967
nan,nan,0.0,0.0,0.0,0.0,nan,nan,nan,nan,0.0,0.0,0.0,0.0,0.800000011920929,0.800000011920929,0.0,0.0,0.0,5,1.8419279479985562
nan,nan,0.0,0.0,0.0,0.0,nan,nan,nan,nan,0.0,0.0,0.0,0.0,0.800000011920929,0.800000011920929,0.0,0.0,0.0,6,2.1299963370001933
nan,nan,0.0,0.0,0.0,0.0,nan,nan,nan,nan,0.0,0.0,0.0,0.0,0.800000011920929,0.800000011920929,0.0,0.0,0.0,7,2.445570095000221
nan,nan,0.0,0.0,0.0,0.0,nan,nan,nan,nan,0.0,0.0,0.0,0.0,0.800000011920929,0.800000011920929,0.0,0.0,0.0,8,2.7567605929998535
nan,nan,0.0,0.0,0.0,0.0,nan,nan,nan,nan,0.0,0.25,0.0,0.24705882370471954,0.800000011920929,0.800000011920929,0.0,0.24705882370471954,0.0,9,3.0871294069984287
nan,nan,-2.417191780068606e-08,-4.806213837582618e-05,-2.417191780068606e-08,-4.806213837582618e-05,nan,nan,nan,nan,0.0,0.0,0.0,0.0,0.800000011920929,0.800000011920929,0.0,0.0,0.0,10,3.2820156439993298
nan,nan,-9.307403161074035e-06,-3.03164342767559e-05,-9.307403161074035e-06,-3.03164342767559e-05,nan,nan,nan,nan,0.0,0.0,0.0,0.0,0.800000011920929,0.800000011920929,0.0,0.0,0.0,11,3.5977623789985955
nan,nan,-9.307403161074035e-06,-3.03164342767559e-05,-9.307403161074035e-06,-3.03164342767559e-05,nan,nan,nan,nan,0.0,0.25,0.0,0.24705882370471954,0.800000011920929,0.800000011920929,0.0,0.24705882370471954,0.0,12,3.911963561999073
nan,nan,-3.15092402161099e-05,0.00015641255595255643,-3.15092402161099e-05,0.00015641255595255643,nan,nan,nan,nan,0.0,0.0,0.0,0.0,0.800000011920929,0.800000011920929,0.0,0.0,0.0,13,4.122756087999733
nan,nan,-7.021677447482944e-05,0.0004994236514903605,-7.021677447482944e-05,0.0004994236514903605,nan,nan,nan,nan,0.0,0.0,0.0,0.0,0.800000011920929,0.800000011920929,0.0,0.0,0.0,14,4.4519237379990955
nan,nan,-7.021677447482944e-05,0.0004994236514903605,-7.021677447482944e-05,0.0004994236514903605,nan,nan,nan,nan,0.0,0.0,0.0,0.0,0.800000011920929,0.800000011920929,0.0,0.0,0.0,15,4.7519812249993265
nan,nan,-7.021677447482944e-05,0.0004994236514903605,-7.021677447482944e-05,0.0004994236514903605,nan,nan,nan,nan,0.0,0.25,0.0,0.24705882370471954,0.800000011920929,0.800000011920929,0.0,0.24705882370471954,0.0,16,5.067052156999125
nan,nan,-7.021677447482944e-05,0.0004994236514903605,-7.021677447482944e-05,0.0004994236514903605,nan,nan,nan,nan,0.0,0.25,0.0,0.24705882370471954,0.800000011920929,0.800000011920929,0.0,0.24705882370471954,0.0,17,5.291848166998534
nan,nan,-1.62251089932397e-05,-0.00018592535343486816,-1.62251089932397e-05,-0.00018592535343486816,nan,nan,nan,nan,0.0,0.0,0.0,0.0,0.800000011920929,0.800000011920929,0.0,0.0,0.0,18,5.592269307999231
nan,nan,-0.0010713748633861542,0.019757667556405067,-0.0010713748633861542,0.019757667556405067,nan,nan,nan,nan,0.0,0.0,0.0,0.0,0.800000011920929,0.800000011920929,0.0,0.0,0.0,19,5.895793047999177
nan,nan,-0.0010713748633861542,0.019757667556405067,-0.0010713748633861542,0.019757667556405067,nan,nan,nan,nan,0.0,0.0,0.0,0.0,0.800000011920929,0.800000011920929,0.0,0.0,0.0,20,6.2077659019996645
nan,nan,-0.0008501749252900481,0.012081073597073555,-0.0008501749252900481,0.012081073597073555,nan,nan,nan,nan,0.0,0.25,0.0,0.24705882370471954,0.800000011920929,0.800000011920929,0.0,0.24705882370471954,0.0,21,6.5217028179995395
nan,nan,-0.001708771800622344,0.025798341259360313,-0.001708771800622344,0.025798341259360313,nan,nan,nan,nan,0.0,0.25,0.0,0.24705882370471954,0.800000011920929,0.800000011920929,0.0,0.24705882370471954,0.0,22,6.717140034999829
nan,nan,-0.00207722932100296,0.03658347949385643,-0.00207722932100296,0.03658347949385643,nan,nan,nan,nan,0.0,0.25,0.0,0.24705882370471954,0.800000011920929,0.800000011920929,0.0,0.24705882370471954,0.0,23,6.911912708999807
nan,nan,-0.0015920858131721616,0.03362506628036499,-0.0015920858131721616,0.03362506628036499,nan,nan,nan,nan,0.0,0.25,0.0,0.24705882370471954,0.800000011920929,0.800000011920929,0.0,0.24705882370471954,0.0,24,7.212255994998486
nan,nan,-0.0032257502898573875,0.06487852334976196,-0.0032257502898573875,0.06487852334976196,nan,nan,nan,nan,0.0,0.0,0.0,0.0,0.800000011920929,0.800000011920929,0.0,0.0,0.0,25,7.422025833999214
nan,nan,-0.006375312805175781,0.1344950646162033,-0.006375312805175781,0.1344950646162033,nan,nan,nan,nan,0.0,0.25,0.0,0.24705882370471954,0.800000011920929,0.800000011920929,0.0,0.24705882370471954,0.0,26,7.721624636998968
nan,nan,-0.006423648912459612,0.14213469624519348,-0.006423648912459612,0.14213469624519348,nan,nan,nan,nan,0.0,0.25,0.0,0.24705882370471954,0.800000011920929,0.800000011920929,0.0,0.24705882370471954,0.0,27,7.917147565998675
nan,nan,-0.007943821139633656,0.1675831526517868,-0.007943821139633656,0.1675831526517868,nan,nan,nan,nan,0.0,0.25,0.0,0.24705882370471954,0.800000011920929,0.800000011920929,0.0,0.24705882370471954,0.0,28,8.261923565998586
nan,nan,-0.010399906896054745,0.26092347502708435,-0.010399906896054745,0.26092347502708435,nan,nan,nan,nan,0.0,0.0,0.0,0.0,0.800000011920929,0.800000011920929,0.0,0.0,0.0,29,8.474744506998832
nan,nan,-0.01190083846449852,0.3465369641780853,-0.01190083846449852,0.3465369641780853,nan,nan,nan,nan,0.0,0.0,0.0,0.0,0.800000011920929,0.800000011920929,0.0,0.0,0.0,30,8.774694882999029
nan,nan,-0.012472128495573997,0.35199540853500366,-0.012472128495573997,0.35199540853500366,nan,nan,nan,nan,0.0,0.0,0.0,0.0,0.800000011920929,0.800000011920929,0.0,0.0,0.0,31,9.08864094799901
nan,nan,-0.011568110436201096,0.34803077578544617,-0.011568110436201096,0.34803077578544617,nan,nan,nan,nan,0.0,0.25,0.0,0.24705882370471954,0.800000011920929,0.800000011920929,0.0,0.24705882370471954,0.0,32,9.402757293999457
nan,nan,-0.010343017056584358,0.355796754360199,-0.010343017056584358,0.355796754360199,nan,nan,nan,nan,0.0,0.25,0.0,0.24705882370471954,0.800000011920929,0.800000011920929,0.0,0.24705882370471954,0.0,33,9.626823458998842
nan,nan,-0.008868368342518806,0.37318769097328186,-0.008868368342518806,0.37318769097328186,nan,nan,nan,nan,0.0,0.0,0.0,0.0,0.800000011920929,0.800000011920929,0.0,0.0,0.0,34,9.92694811399997
nan,nan,-0.017101725563406944,0.4114745557308197,-0.017101725563406944,0.4114745557308197,nan,nan,nan,nan,0.0,0.25,0.0,0.24705882370471954,0.800000011920929,0.800000011920929,0.0,0.24705882370471954,0.0,35,10.257945927998662
nan,nan,-0.012897666543722153,0.41276130080223083,-0.012897666543722153,0.41276130080223083,nan,nan,nan,nan,0.0,0.25,0.0,0.24705882370471954,0.800000011920929,0.800000011920929,0.0,0.24705882370471954,0.0,36,10.466844396998567
nan,nan,-0.010192885994911194,0.3829706907272339,-0.010192885994911194,0.3829706907272339,nan,nan,nan,nan,0.0,0.25,0.0,0.24705882370471954,0.800000011920929,0.800000011920929,0.0,0.24705882370471954,0.0,37,10.781918367998514
nan,nan,-0.013943798840045929,0.3935128152370453,-0.013943798840045929,0.3935128152370453,nan,nan,nan,nan,0.0,0.25,0.0,0.24705882370471954,0.800000011920929,0.800000011920929,0.0,0.24705882370471954,0.0,38,10.991930014999525
nan,nan,-0.019252564758062363,0.46179187297821045,-0.019252564758062363,0.46179187297821045,nan,nan,nan,nan,0.0,0.25,0.0,0.24705882370471954,0.800000011920929,0.800000011920929,0.0,0.24705882370471954,0.0,39,11.190191935998882
nan,nan,-0.015079883858561516,0.5173861980438232,-0.015079883858561516,0.5173861980438232,nan,nan,nan,nan,0.0,0.25,0.0,0.24705882370471954,0.800000011920929,0.800000011920929,0.0,0.24705882370471954,0.0,40,11.396984966999298
nan,nan,-0.00971243903040886,0.660487949848175,-0.00971243903040886,0.660487949848175,nan,nan,nan,nan,0.0,0.25,0.0,0.24705882370471954,0.800000011920929,0.800000011920929,0.0,0.24705882370471954,0.0,41,11.69680914699893
nan,nan,-0.013795634731650352,0.7417322397232056,-0.013795634731650352,0.7417322397232056,nan,nan,nan,nan,0.0,0.25,0.0,0.24705882370471954,0.800000011920929,0.800000011920929,0.0,0.24705882370471954,0.0,42,11.89179877099923
nan,nan,-0.024027572944760323,0.9104868173599243,-0.024027572944760323,0.9104868173599243,nan,nan,nan,nan,0.0,0.0,0.0,0.0,0.800000011920929,0.800000011920929,0.0,0.0,0.0,43,12.101556550000168
nan,nan,-0.026322973892092705,1.054685354232788,-0.026322973892092705,1.054685354232788,nan,nan,nan,nan,0.0,0.25,0.0,0.24705882370471954,0.800000011920929,0.800000011920929,0.0,0.24705882370471954,0.0,44,12.401574044999506
nan,nan,-0.023929493501782417,1.0789144039154053,-0.023929493501782417,1.0789144039154053,nan,nan,nan,nan,0.0,0.0,0.0,0.0,0.800000011920929,0.800000011920929,0.0,0.0,0.0,45,12.705145937999987
nan,nan,-0.024718426167964935,1.0779788494110107,-0.024718426167964935,1.0779788494110107,nan,nan,nan,nan,0.0,0.25,0.0,0.24705882370471954,0.800000011920929,0.800000011920929,0.0,0.24705882370471954,0.0,46,13.016750180999225
nan,nan,-0.024223502725362778,1.0816693305969238,-0.024223502725362778,1.0816693305969238,nan,nan,nan,nan,0.0,0.0,0.0,0.0,0.800000011920929,0.800000011920929,0.0,0.0,0.0,47,13.211884477999774
nan,nan,-0.022395558655261993,1.0832420587539673,-0.022395558655261993,1.0832420587539673,nan,nan,nan,nan,0.20000000298023224,0.0,0.19198621809482574,0.0,0.800000011920929,0.800000011920929,0.19198621809482574,0.0,0.0,48,13.511941196999032
nan,nan,-0.023211443796753883,1.081847071647644,-0.023211443796753883,1.081847071647644,nan,nan,nan,nan,0.20000000298023224,0.0,0.19198621809482574,0.0,0.800000011920929,0.800000011920929,0.19198621809482574,0.0,0.0,49,13.811966466999365
nan,nan,-0.022811969742178917,1.082725167274475,-0.022811969742178917,1.082725167274475,nan,nan,nan,nan,0.4000000059604645,0.0,0.3839724361896515,0.0,0.800000011920929,0.800000011920929,0.3839724361896515,0.0,0.0,50,14.112089831998674
nan,nan,-0.022990822792053223,1.082944393157959,-0.022990822792053223,1.082944393157959,nan,nan,nan,nan,0.6000000238418579,0.25,0.593411922454834,0.24705882370471954,0.800000011920929,0.800000011920929,0.593411922454834,0.24705882370471954,0.0,51,14.426994335999552
nan,nan,-0.02671278826892376,1.079759955406189,-0.02671278826892376,1.079759955406189,nan,nan,nan,nan,0.800000011920929,0.0,0.7853981852531433,0.0,0.800000011920929,0.800000011920929,0.7853981852531433,0.0,0.0,52,14.607110548999117
nan,nan,-0.025627953931689262,1.0998684167861938,-0.025627953931689262,1.0998684167861938,nan,nan,nan,nan,0.800000011920929,0.0,0.7853981852531433,0.0,0.800000011920929,0.800000011920929,0.7853981852531433,0.0,0.0,53,14.937074475999907
nan,nan,-0.020508423447608948,1.0953515768051147,-0.020508423447608948,1.0953515768051147,nan,nan,nan,nan,1.0,0.25,0.9948377013206482,0.24705882370471954,0.800000011920929,0.800000011920929,0.9948377013206482,0.24705882370471954,0.0,54,15.252196039999035
nan,nan,-0.03411020711064339,1.0802044868469238,-0.03411020711064339,1.0802044868469238,nan,nan,nan,nan,1.2000000476837158,0.25,1.186823844909668,0.24705882370471954,0.800000011920929,0.800000011920929,1.186823844909668,0.24705882370471954,0.0,55,15.462213197999517
nan,nan,-0.03311021253466606,1.0994106531143188,-0.03311021253466606,1.0994106531143188,nan,nan,nan,nan,1.399999976158142,0.25,1.3962633609771729,0.24705882370471954,0.800000011920929,0.800000011920929,1.3962633609771729,0.24705882370471954,0.0,56,15.686685040000157
nan,nan,0.016857605427503586,1.1550778150558472,0.016857605427503586,1.1550778150558472,nan,nan,nan,nan,1.399999976158142,0.0,1.3962633609771729,0.0,0.800000011920929,0.800000011920929,1.3962633609771729,0.0,0.0,57,15.971959208998669
nan,nan,0.10662300139665604,1.1401770114898682,0.10662300139665604,1.1401770114898682,nan,nan,nan,nan,1.600000023841858,0.0,1.5882495641708374,0.0,0.800000011920929,0.800000011920929,1.5882495641708374,0.0,0.0,58,16.271993286998622
nan,nan,0.1300186961889267,1.124083161354065,0.1300186961889267,1.124083161354065,nan,nan,nan,nan,1.7999999523162842,0.25,1.7976890802383423,0.24705882370471954,0.800000011920929,0.800000011920929,1.7976890802383423,0.24705882370471954,0.0,59,16.57198874200003
nan,nan,0.12415657937526703,1.1409002542495728,0.12415657937526703,1.1409002542495728,nan,nan,nan,nan,1.7999999523162842,0.0,1.7976890802383423,0.0,0.800000011920929,0.800000011920929,1.7976890802383423,0.0,0.0,60,16.887124983999456
nan,nan,0.1342460960149765,1.1280230283737183,0.1342460960149765,1.1280230283737183,nan,nan,nan,nan,2.0,0.0,1.9896754026412964,0.0,0.800000011920929,0.800000011920929,1.9896754026412964,0.0,0.0,61,17.187352406999707
nan,nan,0.14110329747200012,1.1300617456436157,0.14110329747200012,1.1300617456436157,nan,nan,nan,nan,2.200000047683716,0.0,2.1991147994995117,0.0,0.800000011920929,0.800000011920929,2.1991147994995117,0.0,0.0,62,17.486859231999915
nan,nan,0.13076433539390564,1.1377240419387817,0.13076433539390564,1.1377240419387817,nan,nan,nan,nan,2.4000000953674316,0.25,2.391101121902466,0.24705882370471954,0.800000011920929,0.800000011920929,2.391101121902466,0.24705882370471954,0.0,63,17.7879540799986
nan,nan,0.14147649705410004,1.120156168937683,0.14147649705410004,1.120156168937683,nan,nan,nan,nan,2.5999999046325684,0.25,2.583087205886841,0.24705882370471954,0.800000011920929,0.800000011920929,2.583087205886841,0.24705882370471954,0.0,64,17.985861545999796
nan,nan,0.1626276969909668,1.1111416816711426,0.1626276969909668,1.1111416816711426,nan,nan,nan,nan,2.5999999046325684,0.0,2.583087205886841,0.0,0.800000011920929,0.800000011920929,2.583087205886841,0.0,0.0,65,18.19194096299907
nan,nan,0.18327000737190247,1.0872902870178223,0.18327000737190247,1.0872902870178223,nan,nan,nan,nan,2.799999952316284,0.25,2.7925267219543457,0.24705882370471954,0.800000011920929,0.800000011920929,2.7925267219543457,0.24705882370471954,0.0,66,18.49239699699865
nan,nan,0.1728663444519043,1.0858416557312012,0.1728663444519043,1.0858416557312012,nan,nan,nan,nan,3.0,0.25,2.9845130443573,0.24705882370471954,0.800000011920929,0.800000011920929,2.9845130443573,0.24705882370471954,0.0,67,18.70199347400012
nan,nan,0.18203970789909363,1.0755646228790283,0.18203970789909363,1.0755646228790283,nan,nan,nan,nan,3.0,0.25,2.9845130443573,0.24705882370471954,0.800000011920929,0.800000011920929,2.9845130443573,0.24705882370471954,0.0,68,18.91270611499931
nan,nan,0.20072339475154877,1.0611549615859985,0.20072339475154877,1.0611549615859985,nan,nan,nan,nan,3.0,0.25,2.9845130443573,0.24705882370471954,0.800000011920929,0.800000011920929,2.9845130443573,0.24705882370471954,0.0,69,19.1219982779985
nan,nan,0.19473770260810852,1.011016607284546,0.19473770260810852,1.011016607284546,nan,nan,nan,nan,3.0,0.25,2.9845130443573,0.24705882370471954,0.800000011920929,0.800000011920929,2.9845130443573,0.24705882370471954,0.0,70,19.4370082739988
nan,nan,0.19580766558647156,0.9047480821609497,0.19580766558647156,0.9047480821609497,nan,nan,nan,nan,-3.0831851959228516,0.25,-3.0892326831817627,0.24705882370471954,0.800000011920929,0.800000011920929,-3.0892326831817627,0.24705882370471954,0.0,71,19.67691687200022
nan,nan,0.21385642886161804,0.8366380333900452,0.21385642886161804,0.8366380333900452,nan,nan,nan,nan,-3.0831851959228516,0.25,-3.0892326831817627,0.24705882370471954,0.800000011920929,0.800000011920929,-3.0892326831817627,0.24705882370471954,0.0,72,19.886972524000157
nan,nan,0.22243745625019073,0.7610702514648438,0.22243745625019073,0.7610702514648438,nan,nan,nan,nan,-3.0831851959228516,0.0,-3.0892326831817627,0.0,0.800000011920929,0.800000011920929,-3.0892326831817627,0.0,0.0,73,20.097253571999318
nan,nan,0.19922611117362976,0.538938045501709,0.19922611117362976,0.538938045501709,nan,nan,nan,nan,-3.0831851959228516,0.0,-3.0892326831817627,0.0,0.800000011920929,0.800000011920929,-3.0892326831817627,0.0,0.0,74,20.411612820998926
nan,nan,0.20585554838180542,0.5149264335632324,0.20585554838180542,0.5149264335632324,nan,nan,nan,nan,-3.0831851959228516,0.0,-3.0892326831817627,0.0,0.800000011920929,0.800000011920929,-3.0892326831817627,0.0,0.0,75,20.711718836999353
nan,nan,0.2093026041984558,0.534092903137207,0.2093026041984558,0.534092903137207,nan,nan,nan,nan,-3.0831851959228516,0.0,-3.0892326831817627,0.0,0.800000011920929,0.800000011920929,-3.0892326831817627,0.0,0.0,76,21.011664611000015
nan,nan,0.20388032495975494,0.5312249064445496,0.20388032495975494,0.5312249064445496,nan,nan,nan,nan,-3.0831851959228516,0.0,-3.0892326831817627,0.0,0.800000011920929,0.800000011920929,-3.0892326831817627,0.0,0.0,77,21.32678504499927
nan,nan,0.20591552555561066,0.5259419679641724,0.20591552555561066,0.5259419679641724,nan,nan,nan,nan,-3.0831851959228516,0.0,-3.0892326831817627,0.0,0.800000011920929,0.800000011920929,-3.0892326831817627,0.0,0.0,78,21.656827023000005
nan,nan,0.2057759016752243,0.5312764644622803,0.2057759016752243,0.5312764644622803,nan,nan,nan,nan,-3.0831851959228516,0.25,-3.0892326831817627,0.24705882370471954,0.800000011920929,0.800000011920929,-3.0892326831817627,0.24705882370471954,0.0,79,21.97293264399923
nan,nan,0.2039557695388794,0.5282239317893982,0.2039557695388794,0.5282239317893982,nan,nan,nan,nan,-3.0831851959228516,0.0,-3.0892326831817627,0.0,0.800000011920929,0.800000011920929,-3.0892326831817627,0.0,0.0,80,22.166745593998712
nan,nan,0.20050857961177826,0.4956541955471039,0.20050857961177826,0.4956541955471039,nan,nan,nan,nan,-3.0831851959228516,0.25,-3.0892326831817627,0.24705882370471954,0.800000011920929,0.800000011920929,-3.0892326831817627,0.24705882370471954,0.0,81,22.481713150998985
nan,nan,0.203773632645607,0.5019291639328003,0.203773632645607,0.5019291639328003,nan,nan,nan,nan,-3.0831851959228516,0.25,-3.0892326831817627,0.24705882370471954,0.800000011920929,0.800000011920929,-3.0892326831817627,0.24705882370471954,0.0,82,22.79684310399898
nan,nan,0.20242369174957275,0.5165054798126221,0.20242369174957275,0.5165054798126221,nan,nan,nan,nan,-3.0831851959228516,0.25,-3.0892326831817627,0.24705882370471954,0.800000011920929,0.800000011920929,-3.0892326831817627,0.24705882370471954,0.0,83,23.007097441999576
nan,nan,0.2006264626979828,0.4945853352546692,0.2006264626979828,0.4945853352546692,nan,nan,nan,nan,-3.0831851959228516,0.25,-3.0892326831817627,0.24705882370471954,0.800000011920929,0.800000011920929,-3.0892326831817627,0.24705882370471954,0.0,84,23.217097971999465
nan,nan,0.20196522772312164,0.39872825145721436,0.20196522772312164,0.39872825145721436,nan,nan,nan,nan,-3.0831851959228516,0.25,-3.0892326831817627,0.24705882370471954,0.800000011920929,0.800000011920929,-3.0892326831817627,0.24705882370471954,0.0,85,23.428534968999884
nan,nan,0.2021915167570114,0.25051790475845337,0.2021915167570114,0.25051790475845337,nan,nan,nan,nan,-3.0831851959228516,0.0,-3.0892326831817627,0.0,0.800000011920929,0.800000011920929,-3.0892326831817627,0.0,0.0,86,23.730633560999195
nan,nan,0.19563619792461395,0.11192850768566132,0.19563619792461395,0.11192850768566132,nan,nan,nan,nan,-3.0831851959228516,0.0,-3.0892326831817627,0.0,0.800000011920929,0.800000011920929,-3.0892326831817627,0.0,0.0,87,24.02992907099906
nan,nan,0.19129519164562225,0.09645943343639374,0.19129519164562225,0.09645943343639374,nan,nan,nan,nan,-3.0831851959228516,0.0,-3.0892326831817627,0.0,0.800000011920929,0.800000011920929,-3.0892326831817627,0.0,0.0,88,24.33023711899841
nan,nan,0.1954832226037979,0.13611535727977753,0.1954832226037979,0.13611535727977753,nan,nan,nan,nan,-3.0831851959228516,-0.25,0.05235987901687622,0.24705882370471954,0.800000011920929,0.800000011920929,0.05235987901687622,0.24705882370471954,0.0,89,24.64160840799923
nan,nan,0.20361679792404175,0.13913977146148682,0.20361679792404175,0.13913977146148682,nan,nan,nan,nan,-3.0831851959228516,0.0,-3.0892326831817627,0.0,0.800000011920929,0.800000011920929,-3.0892326831817627,0.0,0.0,90,24.8369902559989
nan,nan,0.2201140820980072,0.1408659666776657,0.2201140820980072,0.1408659666776657,nan,nan,nan,nan,-3.0831851959228516,0.0,-3.0892326831817627,0.0,0.800000011920929,0.800000011920929,-3.0892326831817627,0.0,0.0,91,25.136900984998647
nan,nan,0.21578623354434967,0.14207330346107483,0.21578623354434967,0.14207330346107483,nan,nan,nan,nan,-3.0831851959228516,0.0,-3.0892326831817627,0.0,0.800000011920929,0.800000011920929,-3.0892326831817627,0.0,0.0,92,25.436749458000122
nan,nan,0.21744728088378906,0.14199893176555634,0.21744728088378906,0.14199893176555634,nan,nan,nan,nan,-3.0831851959228516,-0.25,0.05235987901687622,0.24705882370471954,0.800000011920929,0.800000011920929,0.05235987901687622,0.24705882370471954,0.0,93,25.75185324299855
nan,nan,0.2280396819114685,0.1412724107503891,0.2280396819114685,0.1412724107503891,nan,nan,nan,nan,-3.0831851959228516,-0.25,0.05235987901687622,0.24705882370471954,0.800000011920929,0.800000011920929,0.05235987901687622,0.24705882370471954,0.0,94,25.946930746998987
nan,nan,0.2389124184846878,0.1419578343629837,0.2389124184846878,0.1419578343629837,nan,nan,nan,nan,-3.0831851959228516,0.0,-3.0892326831817627,0.0,0.800000011920929,0.800000011920929,-3.0892326831817627,0.0,0.0,95,26.262924750999446
nan,nan,0.23833759129047394,0.13671451807022095,0.23833759129047394,0.13671451807022095,nan,nan,nan,nan,-3.0831851959228516,0.0,-3.0892326831817627,0.0,0.800000011920929,0.800000011920929,-3.0892326831817627,0.0,1.0,96,26.57717104999938
nan,nan,0.2489008903503418,0.14654189348220825,0.2489008903503418,0.14654189348220825,nan,nan,nan,nan,-3.0831851959228516,0.0,-3.0892326831817627,0.0,0.800000011920929,0.800000011920929,-3.0892326831817627,0.0,0.0,97,26.892088294000132
nan,nan,0.2489008903503418,0.14654189348220825,0.2489008903503418,0.14654189348220825,nan,nan,nan,nan,-3.0831851959228516,0.0,-3.0892326831817627,0.0,0.800000011920929,0.800000011920929,-3.0892326831817627,0.0,0.0,98,27.206626354000036
nan,nan,0.24997179210186005,0.14949944615364075,0.24997179210186005,0.14949944615364075,nan,nan,nan,nan,-2.883185386657715,0.0,-2.8972465991973877,0.0,0.800000011920929,0.800000011920929,-2.8972465991973877,0.0,0.0,99,27.50783918900015
nan,nan,0.24997179210186005,0.14949944615364075,0.24997179210186005,0.14949944615364075,nan,nan,nan,nan,-2.883185386657715,0.0,-2.8972465991973877,0.0,0.800000011920929,0.800000011920929,-2.8972465991973877,0.0,0.0,100,27.810967643999902
nan,nan,0.24960337579250336,0.14855541288852692,0.24960337579250336,0.14855541288852692,nan,nan,nan,nan,-2.683185338973999,0.25,-2.687807083129883,0.24705882370471954,0.800000011920929,0.800000011920929,-2.687807083129883,0.24705882370471954,0.0,101,28.123586526999134
nan,nan,0.25102758407592773,0.1487630158662796,0.25102758407592773,0.1487630158662796,nan,nan,nan,nan,-2.483185291290283,0.25,-2.4958207607269287,0.24705882370471954,0.800000011920929,0.800000011920929,-2.4958207607269287,0.24705882370471954,0.0,102,28.31793591999849
nan,nan,0.25300928950309753,0.14576882123947144,0.25300928950309753,0.14576882123947144,nan,nan,nan,nan,-2.483185291290283,0.0,-2.4958207607269287,0.0,0.800000011920929,0.800000011920929,-2.4958207607269287,0.0,0.0,103,28.51193037399935
nan,nan,0.233180969953537,0.10670346766710281,0.233180969953537,0.10670346766710281,nan,nan,nan,nan,-2.2831852436065674,0.25,-2.286381244659424,0.24705882370471954,0.800000011920929,0.800000011920929,-2.286381244659424,0.24705882370471954,0.0,104,28.826909916999284
nan,nan,0.21500086784362793,0.09804528951644897,0.21500086784362793,0.09804528951644897,nan,nan,nan,nan,-2.2831852436065674,0.0,-2.286381244659424,0.0,0.800000011920929,0.800000011920929,-2.286381244659424,0.0,0.0,105,29.067337106000195
nan,nan,0.2052580565214157,0.09270867705345154,0.2052580565214157,0.09270867705345154,nan,nan,nan,nan,-2.0831851959228516,0.25,-2.094395160675049,0.24705882370471954,0.800000011920929,0.800000011920929,-2.094395160675049,0.24705882370471954,0.0,106,29.366991794999194
nan,nan,0.20898637175559998,0.09201978147029877,0.20898637175559998,0.09201978147029877,nan,nan,nan,nan,-2.0831851959228516,0.0,-2.094395160675049,0.0,0.800000011920929,0.800000011920929,-2.094395160675049,0.0,0.0,107,29.5628618239989
nan,nan,0.21546906232833862,0.09631361067295074,0.21546906232833862,0.09631361067295074,nan,nan,nan,nan,-1.8831852674484253,0.25,-1.884955644607544,0.24705882370471954,0.800000011920929,0.800000011920929,-1.884955644607544,0.24705882370471954,0.0,108,29.8771831869999
nan,nan,0.20609185099601746,0.09137816727161407,0.20609185099601746,0.09137816727161407,nan,nan,nan,nan,-1.683185338973999,0.25,-1.6929693222045898,0.24705882370471954,0.800000011920929,0.800000011920929,-1.6929693222045898,0.24705882370471954,0.0,109,30.074597846998586
nan,nan,0.17182619869709015,0.06623478978872299,0.17182619869709015,0.06623478978872299,nan,nan,nan,nan,-1.683185338973999,0.0,-1.6929693222045898,0.0,0.800000011920929,0.800000011920929,-1.6929693222045898,0.0,0.0,110,30.386620887999015
nan,nan,0.1325404793024063,0.07800082862377167,0.1325404793024063,0.07800082862377167,nan,nan,nan,nan,-1.4831852912902832,0.25,-1.483529806137085,0.24705882370471954,0.800000011920929,0.800000011920929,-1.483529806137085,0.24705882370471954,0.0,111,30.687724588999117
nan,nan,0.12699387967586517,0.08604373037815094,0.12699387967586517,0.08604373037815094,nan,nan,nan,nan,-1.4831852912902832,0.25,-1.483529806137085,0.24705882370471954,0.800000011920929,0.800000011920929,-1.483529806137085,0.24705882370471954,0.0,112,30.88197113899878
nan,nan,0.11319655925035477,0.08158887922763824,0.11319655925035477,0.08158887922763824,nan,nan,nan,nan,-1.283185362815857,0.25,-1.2915436029434204,0.24705882370471954,0.800000011920929,0.800000011920929,-1.2915436029434204,0.24705882370471954,0.0,113,31.076961499999015
nan,nan,0.045262452214956284,0.0727139413356781,0.045262452214956284,0.0727139413356781,nan,nan,nan,nan,-1.283185362815857,0.25,-1.2915436029434204,0.24705882370471954,0.800000011920929,0.800000011920929,-1.2915436029434204,0.24705882370471954,0.0,114,31.377270001999932
nan,nan,-0.04367630556225777,0.11205124109983444,-0.04367630556225777,0.11205124109983444,nan,nan,nan,nan,-1.283185362815857,0.25,-1.2915436029434204,0.24705882370471954,0.800000011920929,0.800000011920929,-1.2915436029434204,0.24705882370471954,0.0,115,31.574641712999437
nan,nan,-0.09091149270534515,0.1332196146249771,-0.09091149270534515,0.1332196146249771,nan,nan,nan,nan,-1.283185362815857,0.0,-1.2915436029434204,0.0,0.800000011920929,0.800000011920929,-1.2915436029434204,0.0,0.0,116,31.78190037799868
nan,nan,-0.18354982137680054,0.14746440947055817,-0.18354982137680054,0.14746440947055817,nan,nan,nan,nan,-1.283185362815857,0.0,-1.2915436029434204,0.0,0.800000011920929,0.800000011920929,-1.2915436029434204,0.0,0.0,117,32.096900179998556
nan,nan,-0.17876501381397247,0.13260427117347717,-0.17876501381397247,0.13260427117347717,nan,nan,nan,nan,-1.283185362815857,0.0,-1.2915436029434204,0.0,0.800000011920929,0.800000011920929,-1.2915436029434204,0.0,0.0,118,32.3970080049985
nan,nan,-0.15193606913089752,0.13320989906787872,-0.15193606913089752,0.13320989906787872,nan,nan,nan,nan,-1.283185362815857,0.0,-1.2915436029434204,0.0,0.800000011920929,0.800000011920929,-1.2915436029434204,0.0,0.0,119,32.696819580998636
nan,nan,-0.1538420170545578,0.13620255887508392,-0.1538420170545578,0.13620255887508392,nan,nan,nan,nan,-1.283185362815857,0.0,-1.2915436029434204,0.0,0.800000011920929,0.800000011920929,-1.2915436029434204,0.0,0.0,120,32.99702670299848
nan,nan,-0.15486665070056915,0.13411657512187958,-0.15486665070056915,0.13411657512187958,nan,nan,nan,nan,-1.283185362815857,0.0,-1.2915436029434204,0.0,0.800000011920929,0.800000011920929,-1.2915436029434204,0.0,0.0,121,33.31293046999963
nan,nan,-0.14885692298412323,0.1384539157152176,-0.14885692298412323,0.1384539157152176,nan,nan,nan,nan,-1.4831852912902832,-0.25,1.6580628156661987,0.24705882370471954,0.800000011920929,0.800000011920929,1.6580628156661987,0.24705882370471954,0.0,122,33.627281659999426
nan,nan,-0.15421412885189056,0.12899699807167053,-0.15421412885189056,0.12899699807167053,nan,nan,nan,nan,-1.683185338973999,-0.25,1.4486232995986938,0.24705882370471954,0.800000011920929,0.800000011920929,1.4486232995986938,0.24705882370471954,0.0,123,33.94201561299997
nan,nan,-0.15742839872837067,0.10731449723243713,-0.15742839872837067,0.10731449723243713,nan,nan,nan,nan,-1.683185338973999,0.0,-1.6929693222045898,0.0,0.800000011920929,0.800000011920929,-1.6929693222045898,0.0,0.0,124,34.1546833529992
nan,nan,-0.16095581650733948,0.10633998364210129,-0.16095581650733948,0.10633998364210129,nan,nan,nan,nan,-1.683185338973999,0.0,-1.6929693222045898,0.0,0.800000011920929,0.800000011920929,-1.6929693222045898,0.0,1.0,125,34.48170192899852
nan,nan,-0.16161353886127472,0.10568206757307053,-0.16161353886127472,0.10568206757307053,nan,nan,nan,nan,-1.683185338973999,0.0,-1.6929693222045898,0.0,0.800000011920929,0.800000011920929,-1.6929693222045898,0.0,0.0,126,34.797138986999926
nan,nan,-0.16161353886127472,0.10568206757307053,-0.16161353886127472,0.10568206757307053,nan,nan,nan,nan,-1.683185338973999,0.0,-1.6929693222045898,0.0,0.800000011920929,0.800000011920929,-1.6929693222045898,0.0,0.0,127,35.11210577899874
nan,nan,-0.16161353886127472,0.10568206757307053,-0.16161353886127472,0.10568206757307053,nan,nan,nan,nan,-1.683185338973999,0.25,-1.6929693222045898,0.24705882370471954,0.800000011920929,0.800000011920929,-1.6929693222045898,0.24705882370471954,0.0,128,35.4120260210002
nan,nan,-0.1660435050725937,0.10610885173082352,-0.1660435050725937,0.10610885173082352,nan,nan,nan,nan,-1.683185338973999,0.0,-1.6929693222045898,0.0,0.800000011920929,0.800000011920929,-1.6929693222045898,0.0,0.0,129,35.72670014100004
nan,nan,-0.19527116417884827,0.09907456487417221,-0.19527116417884827,0.09907456487417221,nan,nan,nan,nan,-1.4831852912902832,0.25,-1.483529806137085,0.24705882370471954,0.800000011920929,0.800000011920929,-1.483529806137085,0.24705882370471954,0.0,130,36.04204972499974
nan,nan,-0.19472306966781616,0.09904329478740692,-0.19472306966781616,0.09904329478740692,nan,nan,nan,nan,-1.283185362815857,0.25,-1.2915436029434204,0.24705882370471954,0.800000011920929,0.800000011920929,-1.2915436029434204,0.24705882370471954,0.0,131,36.25170891599919
nan,nan,-0.1944919377565384,0.10102947801351547,-0.1944919377565384,0.10102947801351547,nan,nan,nan,nan,-1.283185362815857,0.0,-1.2915436029434204,0.0,0.800000011920929,0.800000011920929,-1.2915436029434204,0.0,0.0,132,36.57007509499999
nan,nan,-0.20820149779319763,0.10091587156057358,-0.20820149779319763,0.10091587156057358,nan,nan,nan,nan,-1.0831853151321411,0.0,-1.0995573997497559,0.0,0.800000011920929,0.800000011920929,-1.0995573997497559,0.0,0.0,133,36.871080873999745
nan,nan,-0.20082291960716248,0.09982579946517944,-0.20082291960716248,0.09982579946517944,nan,nan,nan,nan,-0.8831853270530701,0.25,-0.8901179432868958,0.24705882370471954,0.800000011920929,0.800000011920929,-0.8901179432868958,0.24705882370471954,0.0,134,37.1967386669985
nan,nan,-0.21434222161769867,0.08933429419994354,-0.21434222161769867,0.08933429419994354,nan,nan,nan,nan,-0.6831852793693542,0.25,-0.6981316804885864,0.24705882370471954,0.800000011920929,0.800000011920929,-0.6981316804885864,0.24705882370471954,0.0,135,37.51289358899885
nan,nan,-0.23975789546966553,0.0918564572930336,-0.23975789546966553,0.0918564572930336,nan,nan,nan,nan,-0.4831853210926056,0.25,-0.48869219422340393,0.24705882370471954,0.800000011920929,0.800000011920929,-0.48869219422340393,0.24705882370471954,0.0,136,37.72175336299915
nan,nan,-0.2752687335014343,0.14197538793087006,-0.2752687335014343,0.14197538793087006,nan,nan,nan,nan,-0.28318530321121216,0.25,-0.296705961227417,0.24705882370471954,0.800000011920929,0.800000011920929,-0.296705961227417,0.24705882370471954,0.0,137,37.920505967998906
nan,nan,-0.2814742624759674,0.18498648703098297,-0.2814742624759674,0.18498648703098297,nan,nan,nan,nan,-0.08318530768156052,0.0,-0.0872664600610733,0.0,0.800000011920929,0.800000011920929,-0.0872664600610733,0.0,0.0,138,38.12698591699882
nan,nan,-0.2820143699645996,0.24608518183231354,-0.2820143699645996,0.24608518183231354,nan,nan,nan,nan,0.11681469529867172,0.0,0.10471975803375244,0.0,0.800000011920929,0.800000011920929,0.10471975803375244,0.0,0.0,139,38.44292103499902
nan,nan,-0.2810412347316742,0.24927181005477905,-0.2810412347316742,0.24927181005477905,nan,nan,nan,nan,0.31681469082832336,0.25,0.3141592741012573,0.24705882370471954,0.800000011920929,0.800000011920929,0.3141592741012573,0.24705882370471954,0.0,140,38.7431606909995
nan,nan,-0.2819012403488159,0.2426633983850479,-0.2819012403488159,0.2426633983850479,nan,nan,nan,nan,0.5168147087097168,0.0,0.5061454772949219,0.0,0.800000011920929,0.800000011920929,0.5061454772949219,0.0,0.0,141,38.93711788799919
nan,nan,-0.2865780293941498,0.25038155913352966,-0.2865780293941498,0.25038155913352966,nan,nan,nan,nan,0.5168147087097168,0.25,0.5061454772949219,0.24705882370471954,0.800000011920929,0.800000011920929,0.5061454772949219,0.24705882370471954,0.0,142,39.23681320899959
nan,nan,-0.28107863664627075,0.2609315514564514,-0.28107863664627075,0.2609315514564514,nan,nan,nan,nan,0.5168147087097168,0.0,0.5061454772949219,0.0,0.800000011920929,0.800000011920929,0.5061454772949219,0.0,0.0,143,39.43735414499861
nan,nan,-0.2779524326324463,0.25774818658828735,-0.2779524326324463,0.25774818658828735,nan,nan,nan,nan,0.5168147087097168,0.25,0.5061454772949219,0.24705882370471954,0.800000011920929,0.800000011920929,0.5061454772949219,0.24705882370471954,0.0,144,39.73573681099879
nan,nan,-0.2855265438556671,0.26383280754089355,-0.2855265438556671,0.26383280754089355,nan,nan,nan,nan,0.5168147087097168,0.25,0.5061454772949219,0.24705882370471954,0.800000011920929,0.800000011920929,0.5061454772949219,0.24705882370471954,0.0,145,40.03608342899861
nan,nan,-0.28355148434638977,0.2682167887687683,-0.28355148434638977,0.2682167887687683,nan,nan,nan,nan,0.5168147087097168,0.25,0.5061454772949219,0.24705882370471954,0.800000011920929,0.800000011920929,0.5061454772949219,0.24705882370471954,0.0,146,40.24283059299887
nan,nan,-0.27698785066604614,0.2691431939601898,-0.27698785066604614,0.2691431939601898,nan,nan,nan,nan,0.5168147087097168,0.25,0.5061454772949219,0.24705882370471954,0.800000011920929,0.800000011920929,0.5061454772949219,0.24705882370471954,0.0,147,40.43792699699952
nan,nan,-0.2454889863729477,0.317219614982605,-0.2454889863729477,0.317219614982605,nan,nan,nan,nan,0.5168147087097168,0.0,0.5061454772949219,0.0,0.800000011920929,0.800000011920929,0.5061454772949219,0.0,0.0,148,40.65109507299894
nan,nan,-0.21526247262954712,0.39198750257492065,-0.21526247262954712,0.39198750257492065,nan,nan,nan,nan,0.5168147087097168,0.0,0.5061454772949219,0.0,0.800000011920929,0.800000011920929,0.5061454772949219,0.0,0.0,149,40.96364762699886
nan,nan,-0.21196018159389496,0.39945781230926514,-0.21196018159389496,0.39945781230926514,nan,nan,nan,nan,0.5168147087097168,0.25,0.5061454772949219,0.24705882370471954,0.800000011920929,0.800000011920929,0.5061454772949219,0.24705882370471954,0.0,150,41.26266165400011
nan,nan,-0.21397139132022858,0.39165347814559937,-0.21397139132022858,0.39165347814559937,nan,nan,nan,nan,0.5168147087097168,0.25,0.5061454772949219,0.24705882370471954,0.800000011920929,0.800000011920929,0.5061454772949219,0.24705882370471954,0.0,151,41.45801996299997
nan,nan,-0.22155772149562836,0.3883226811885834,-0.22155772149562836,0.3883226811885834,nan,nan,nan,nan,0.5168147087097168,0.25,0.5061454772949219,0.24705882370471954,0.800000011920929,0.800000011920929,0.5061454772949219,0.24705882370471954,0.0,152,41.75790686499931
nan,nan,-0.21499823033809662,0.4058655798435211,-0.21499823033809662,0.4058655798435211,nan,nan,nan,nan,0.5168147087097168,0.25,0.5061454772949219,0.24705882370471954,0.800000011920929,0.800000011920929,0.5061454772949219,0.24705882370471954,0.0,153,41.95280349299901
nan,nan,-0.1786847710609436,0.4627991020679474,-0.1786847710609436,0.4627991020679474,nan,nan,nan,nan,0.5168147087097168,0.25,0.5061454772949219,0.24705882370471954,0.800000011920929,0.800000011920929,0.5061454772949219,0.24705882370471954,0.0,154,42.15098080499956
nan,nan,-0.1492817997932434,0.5125313401222229,-0.1492817997932434,0.5125313401222229,nan,nan,nan,nan,0.5168147087097168,0.25,0.5061454772949219,0.24705882370471954,0.800000011920929,0.800000011920929,0.5061454772949219,0.24705882370471954,0.0,155,42.35821004799982
nan,nan,-0.08700351417064667,0.6348068118095398,-0.08700351417064667,0.6348068118095398,nan,nan,nan,nan,0.5168147087097168,0.25,0.5061454772949219,0.24705882370471954,0.800000011920929,0.800000011920929,0.5061454772949219,0.24705882370471954,0.0,156,42.672674045999884
nan,nan,-0.053741972893476486,0.7027539014816284,-0.053741972893476486,0.7027539014816284,nan,nan,nan,nan,0.5168147087097168,0.0,0.5061454772949219,0.0,0.800000011920929,0.800000011920929,0.5061454772949219,0.0,0.0,157,42.86780118899878
nan,nan,0.01772977225482464,0.8404680490493774,0.01772977225482464,0.8404680490493774,nan,nan,nan,nan,0.5168147087097168,0.0,0.5061454772949219,0.0,0.800000011920929,0.800000011920929,0.5061454772949219,0.0,0.0,158,43.18267642199862
nan,nan,0.0466453991830349,0.8914926648139954,0.0466453991830349,0.8914926648139954,nan,nan,nan,nan,0.5168147087097168,0.25,0.5061454772949219,0.24705882370471954,0.800000011920929,0.800000011920929,0.5061454772949219,0.24705882370471954,0.0,159,43.49880585899882
nan,nan,0.035033151507377625,0.8705282211303711,0.035033151507377625,0.8705282211303711,nan,nan,nan,nan,0.5168147087097168,0.25,0.5061454772949219,0.24705882370471954,0.800000011920929,0.800000011920929,0.5061454772949219,0.24705882370471954,0.0,160,43.70902154099895
nan,nan,0.02994069643318653,0.8630189895629883,0.02994069643318653,0.8630189895629883,nan,nan,nan,nan,0.31681469082832336,0.25,0.3141592741012573,0.24705882370471954,0.800000011920929,0.800000011920929,0.3141592741012573,0.24705882370471954,0.0,161,43.917751151999255
nan,nan,0.05254066362977028,0.8987581729888916,0.05254066362977028,0.8987581729888916,nan,nan,nan,nan,0.31681469082832336,0.25,0.3141592741012573,0.24705882370471954,0.800000011920929,0.800000011920929,0.3141592741012573,0.24705882370471954,0.0,162,44.11627573899932
nan,nan,0.0771603211760521,0.9765692353248596,0.0771603211760521,0.9765692353248596,nan,nan,nan,nan,0.11681469529867172,0.25,0.10471975803375244,0.24705882370471954,0.800000011920929,0.800000011920929,0.10471975803375244,0.24705882370471954,0.0,163,44.415793586998916
nan,nan,0.07802370190620422,1.034184455871582,0.07802370190620422,1.034184455871582,nan,nan,nan,nan,-0.08318530768156052,0.25,-0.0872664600610733,0.24705882370471954,0.800000011920929,0.800000011920929,-0.0872664600610733,0.24705882370471954,0.0,164,44.62287318899871
nan,nan,0.0706271231174469,1.0969281196594238,0.0706271231174469,1.0969281196594238,nan,nan,nan,nan,-0.08318530768156052,0.0,-0.0872664600610733,0.0,0.800000011920929,0.800000011920929,-0.0872664600610733,0.0,0.0,165,44.83375828299904
nan,nan,0.041143275797367096,1.2311912775039673,0.041143275797367096,1.2311912775039673,nan,nan,nan,nan,-0.08318530768156052,0.0,-0.0872664600610733,0.0,0.800000011920929,0.800000011920929,-0.0872664600610733,0.0,0.0,166,45.13283978899926
nan,nan,0.03632279857993126,1.2798088788986206,0.03632279857993126,1.2798088788986206,nan,nan,nan,nan,-0.08318530768156052,0.0,-0.0872664600610733,0.0,0.800000011920929,0.800000011920929,-0.0872664600610733,0.0,0.0,167,45.4329551539995
nan,nan,0.041995152831077576,1.2668709754943848,0.041995152831077576,1.2668709754943848,nan,nan,nan,nan,-0.08318530768156052,0.0,-0.0872664600610733,0.0,0.800000011920929,0.800000011920929,-0.0872664600610733,0.0,0.0,168,45.73324226299883
nan,nan,0.03488047793507576,1.2668782472610474,0.03488047793507576,1.2668782472610474,nan,nan,nan,nan,-0.08318530768156052,0.0,-0.0872664600610733,0.0,0.800000011920929,0.800000011920929,-0.0872664600610733,0.0,0.0,169,46.03311341799963
nan,nan,0.03577449172735214,1.270841360092163,0.03577449172735214,1.270841360092163,nan,nan,nan,nan,-0.08318530768156052,0.0,-0.0872664600610733,0.0,0.800000011920929,0.800000011920929,-0.0872664600610733,0.0,0.0,170,46.348157700998854
nan,nan,0.03702472895383835,1.2609591484069824,0.03702472895383835,1.2609591484069824,nan,nan,nan,nan,-0.08318530768156052,0.0,-0.0872664600610733,0.0,0.800000011920929,0.800000011920929,-0.0872664600610733,0.0,0.0,171,46.67796725399967
nan,nan,0.03418843448162079,1.2656981945037842,0.03418843448162079,1.2656981945037842,nan,nan,nan,nan,-0.08318530768156052,0.0,-0.0872664600610733,0.0,0.800000011920929,0.800000011920929,-0.0872664600610733,0.0,0.0,172,46.99599971899988
nan,nan,0.03451342135667801,1.2634590864181519,0.03451342135667801,1.2634590864181519,nan,nan,nan,nan,-0.08318530768156052,0.0,-0.0872664600610733,0.0,0.800000011920929,0.800000011920929,-0.0872664600610733,0.0,0.0,173,47.29568563599969
nan,nan,0.032742444425821304,1.2657625675201416,0.032742444425821304,1.2657625675201416,nan,nan,nan,nan,-0.08318530768156052,0.0,-0.0872664600610733,0.0,0.800000011920929,0.800000011920929,-0.0872664600610733,0.0,0.0,174,47.607676874999015
nan,nan,0.03357025980949402,1.265333652496338,0.03357025980949402,1.265333652496338,nan,nan,nan,nan,-0.08318530768156052,0.0,-0.0872664600610733,0.0,0.800000011920929,0.800000011920929,-0.0872664600610733,0.0,0.0,175,47.90769718199954
nan,nan,0.034327443689107895,1.2621031999588013,0.034327443689107895,1.2621031999588013,nan,nan,nan,nan,-0.08318530768156052,0.0,-0.0872664600610733,0.0,0.800000011920929,0.800000011920929,-0.0872664600610733,0.0,0.0,176,48.20765485099946
nan,nan,0.03236319497227669,1.2692127227783203,0.03236319497227669,1.2692127227783203,nan,nan,nan,nan,-0.08318530768156052,0.0,-0.0872664600610733,0.0,0.800000011920929,0.800000011920929,-0.0872664600610733,0.0,0.0,177,48.49593836599888
nan,nan,0.03323642909526825,1.2656913995742798,0.03323642909526825,1.2656913995742798,nan,nan,nan,nan,-0.08318530768156052,0.0,-0.0872664600610733,0.0,0.800000011920929,0.800000011920929,-0.0872664600610733,0.0,0.0,178,48.80772104300013
nan,nan,0.033057522028684616,1.2667897939682007,0.033057522028684616,1.2667897939682007,nan,nan,nan,nan,-0.08318530768156052,0.0,-0.0872664600610733,0.0,0.800000011920929,0.800000011920929,-0.0872664600610733,0.0,0.0,179,49.110937433999425
nan,nan,0.032973550260066986,1.2678841352462769,0.032973550260066986,1.2678841352462769,nan,nan,nan,nan,-0.08318530768156052,0.0,-0.0872664600610733,0.0,0.800000011920929,0.800000011920929,-0.0872664600610733,0.0,0.0,180,49.46777319799912
nan,nan,0.03333611413836479,1.2665104866027832,0.03333611413836479,1.2665104866027832,nan,nan,nan,nan,-0.08318530768156052,0.0,-0.0872664600610733,0.0,0.800000011920929,0.800000011920929,-0.0872664600610733,0.0,0.0,181,49.78297018000012
nan,nan,0.0325031578540802,1.2692240476608276,0.0325031578540802,1.2692240476608276,nan,nan,nan,nan,-0.08318530768156052,0.0,-0.0872664600610733,0.0,0.800000011920929,0.800000011920929,-0.0872664600610733,0.0,0.0,182,50.09802152900011
nan,nan,0.03252890706062317,1.2691465616226196,0.03252890706062317,1.2691465616226196,nan,nan,nan,nan,-0.08318530768156052,0.0,-0.0872664600610733,0.0,0.800000011920929,0.800000011920929,-0.0872664600610733,0.0,0.0,183,50.412948151999444
nan,nan,0.03234831988811493,1.2697923183441162,0.03234831988811493,1.2697923183441162,nan,nan,nan,nan,-0.08318530768156052,0.0,-0.0872664600610733,0.0,0.800000011920929,0.800000011920929,-0.0872664600610733,0.0,0.0,184,50.71300621099908
nan,nan,0.03121044859290123,1.2735176086425781,0.03121044859290123,1.2735176086425781,nan,nan,nan,nan,-0.08318530768156052,0.0,-0.0872664600610733,0.0,0.800000011920929,0.800000011920929,-0.0872664600610733,0.0,0.0,185,51.04279686999871
nan,nan,0.03251725062727928,1.269474983215332,0.03251725062727928,1.269474983215332,nan,nan,nan,nan,-0.08318530768156052,0.0,-0.0872664600610733,0.0,0.800000011920929,0.800000011920929,-0.0872664600610733,0.0,0.0,186,51.358064746998934
nan,nan,0.03192184492945671,1.2706509828567505,0.03192184492945671,1.2706509828567505,nan,nan,nan,nan,-0.08318530768156052,0.0,-0.0872664600610733,0.0,0.800000011920929,0.800000011920929,-0.0872664600610733,0.0,0.0,187,51.67289780499959
nan,nan,0.03187980502843857,1.270775318145752,0.03187980502843857,1.270775318145752,nan,nan,nan,nan,-0.08318530768156052,0.0,-0.0872664600610733,0.0,0.800000011920929,0.800000011920929,-0.0872664600610733,0.0,0.0,188,51.97575262600003
nan,nan,0.03118133544921875,1.271398901939392,0.03118133544921875,1.271398901939392,nan,nan,nan,nan,-0.08318530768156052,0.0,-0.0872664600610733,0.0,0.800000011920929,0.800000011920929,-0.0872664600610733,0.0,0.0,189,52.289497132998804
nan,nan,0.03118133544921875,1.271398901939392,0.03118133544921875,1.271398901939392,nan,nan,nan,nan,-0.08318530768156052,0.0,-0.0872664600610733,0.0,0.800000011920929,0.800000011920929,-0.0872664600610733,0.0,0.0,190,52.60292644499896
nan,nan,0.03134593740105629,1.2709237337112427,0.03134593740105629,1.2709237337112427,nan,nan,nan,nan,-0.08318530768156052,0.0,-0.0872664600610733,0.0,0.800000011920929,0.800000011920929,-0.0872664600610733,0.0,0.0,191,52.91777946000002
nan,nan,0.030618347227573395,1.2725555896759033,0.030618347227573395,1.2725555896759033,nan,nan,nan,nan,-0.08318530768156052,0.0,-0.0872664600610733,0.0,0.800000011920929,0.800000011920929,-0.0872664600610733,0.0,0.0,192,53.233782503999464
